date,dc_name,size_code
2022-09-20,BAKERSFIELD,1856015
2022-09-21,BAKERSFIELD,1856015
2022-09-22,BAKERSFIELD,1856015
2022-09-23,BAKERSFIELD,1856015
2022-09-24,BAKERSFIELD,1856015
2022-09-25,BAKERSFIELD,1856015
2022-09-26,BAKERSFIELD,1856015
2022-09-20,BAKERSFIELD,1856514
2022-09-21,BAKERSFIELD,1856514
2022-09-22,BAKERSFIELD,1856514
2022-09-23,BAKERSFIELD,1856514
2022-09-24,BAKERSFIELD,1856514
2022-09-25,BAKERSFIELD,1856514
2022-09-26,BAKERSFIELD,1856514
2022-09-20,BAKERSFIELD,1856515
2022-09-21,BAKERSFIELD,1856515
2022-09-22,BAKERSFIELD,1856515
2022-09-23,BAKERSFIELD,1856515
2022-09-24,BAKERSFIELD,1856515
2022-09-25,BAKERSFIELD,1856515
2022-09-26,BAKERSFIELD,1856515
2022-09-20,BAKERSFIELD,1956015
2022-09-21,BAKERSFIELD,1956015
2022-09-22,BAKERSFIELD,1956015
2022-09-23,BAKERSFIELD,1956015
2022-09-24,BAKERSFIELD,1956015
2022-09-25,BAKERSFIELD,1956015
2022-09-26,BAKERSFIELD,1956015
2022-09-20,BAKERSFIELD,1956515
2022-09-21,BAKERSFIELD,1956515
2022-09-22,BAKERSFIELD,1956515
2022-09-23,BAKERSFIELD,1956515
2022-09-24,BAKERSFIELD,1956515
2022-09-25,BAKERSFIELD,1956515
2022-09-26,BAKERSFIELD,1956515
2022-09-20,BAKERSFIELD,2055016
2022-09-21,BAKERSFIELD,2055016
2022-09-22,BAKERSFIELD,2055016
2022-09-23,BAKERSFIELD,2055016
2022-09-24,BAKERSFIELD,2055016
2022-09-25,BAKERSFIELD,2055016
2022-09-26,BAKERSFIELD,2055016
2022-09-20,BAKERSFIELD,2055017
2022-09-21,BAKERSFIELD,2055017
2022-09-22,BAKERSFIELD,2055017
2022-09-23,BAKERSFIELD,2055017
2022-09-24,BAKERSFIELD,2055017
2022-09-25,BAKERSFIELD,2055017
2022-09-26,BAKERSFIELD,2055017
2022-09-20,BAKERSFIELD,2055516
2022-09-21,BAKERSFIELD,2055516
2022-09-22,BAKERSFIELD,2055516
2022-09-23,BAKERSFIELD,2055516
2022-09-24,BAKERSFIELD,2055516
2022-09-25,BAKERSFIELD,2055516
2022-09-26,BAKERSFIELD,2055516
2022-09-20,BAKERSFIELD,2056016
2022-09-21,BAKERSFIELD,2056016
2022-09-22,BAKERSFIELD,2056016
2022-09-23,BAKERSFIELD,2056016
2022-09-24,BAKERSFIELD,2056016
2022-09-25,BAKERSFIELD,2056016
2022-09-26,BAKERSFIELD,2056016
2022-09-20,BAKERSFIELD,2056515
2022-09-21,BAKERSFIELD,2056515
2022-09-22,BAKERSFIELD,2056515
2022-09-23,BAKERSFIELD,2056515
2022-09-24,BAKERSFIELD,2056515
2022-09-25,BAKERSFIELD,2056515
2022-09-26,BAKERSFIELD,2056515
2022-09-20,BAKERSFIELD,2056516
2022-09-21,BAKERSFIELD,2056516
2022-09-22,BAKERSFIELD,2056516
2022-09-23,BAKERSFIELD,2056516
2022-09-24,BAKERSFIELD,2056516
2022-09-25,BAKERSFIELD,2056516
2022-09-26,BAKERSFIELD,2056516
2022-09-20,BAKERSFIELD,2057015
2022-09-21,BAKERSFIELD,2057015
2022-09-22,BAKERSFIELD,2057015
2022-09-23,BAKERSFIELD,2057015
2022-09-24,BAKERSFIELD,2057015
2022-09-25,BAKERSFIELD,2057015
2022-09-26,BAKERSFIELD,2057015
2022-09-20,BAKERSFIELD,2057016
2022-09-21,BAKERSFIELD,2057016
2022-09-22,BAKERSFIELD,2057016
2022-09-23,BAKERSFIELD,2057016
2022-09-24,BAKERSFIELD,2057016
2022-09-25,BAKERSFIELD,2057016
2022-09-26,BAKERSFIELD,2057016
2022-09-20,BAKERSFIELD,2057514
2022-09-21,BAKERSFIELD,2057514
2022-09-22,BAKERSFIELD,2057514
2022-09-23,BAKERSFIELD,2057514
2022-09-24,BAKERSFIELD,2057514
2022-09-25,BAKERSFIELD,2057514
2022-09-26,BAKERSFIELD,2057514
2022-09-20,BAKERSFIELD,2057515
2022-09-21,BAKERSFIELD,2057515
2022-09-22,BAKERSFIELD,2057515
2022-09-23,BAKERSFIELD,2057515
2022-09-24,BAKERSFIELD,2057515
2022-09-25,BAKERSFIELD,2057515
2022-09-26,BAKERSFIELD,2057515
2022-09-20,BAKERSFIELD,2154517
2022-09-21,BAKERSFIELD,2154517
2022-09-22,BAKERSFIELD,2154517
2022-09-23,BAKERSFIELD,2154517
2022-09-24,BAKERSFIELD,2154517
2022-09-25,BAKERSFIELD,2154517
2022-09-26,BAKERSFIELD,2154517
2022-09-20,BAKERSFIELD,2155017
2022-09-21,BAKERSFIELD,2155017
2022-09-22,BAKERSFIELD,2155017
2022-09-23,BAKERSFIELD,2155017
2022-09-24,BAKERSFIELD,2155017
2022-09-25,BAKERSFIELD,2155017
2022-09-26,BAKERSFIELD,2155017
2022-09-20,BAKERSFIELD,2155516
2022-09-21,BAKERSFIELD,2155516
2022-09-22,BAKERSFIELD,2155516
2022-09-23,BAKERSFIELD,2155516
2022-09-24,BAKERSFIELD,2155516
2022-09-25,BAKERSFIELD,2155516
2022-09-26,BAKERSFIELD,2155516
2022-09-20,BAKERSFIELD,2155517
2022-09-21,BAKERSFIELD,2155517
2022-09-22,BAKERSFIELD,2155517
2022-09-23,BAKERSFIELD,2155517
2022-09-24,BAKERSFIELD,2155517
2022-09-25,BAKERSFIELD,2155517
2022-09-26,BAKERSFIELD,2155517
2022-09-20,BAKERSFIELD,2155518
2022-09-21,BAKERSFIELD,2155518
2022-09-22,BAKERSFIELD,2155518
2022-09-23,BAKERSFIELD,2155518
2022-09-24,BAKERSFIELD,2155518
2022-09-25,BAKERSFIELD,2155518
2022-09-26,BAKERSFIELD,2155518
2022-09-20,BAKERSFIELD,2156016
2022-09-21,BAKERSFIELD,2156016
2022-09-22,BAKERSFIELD,2156016
2022-09-23,BAKERSFIELD,2156016
2022-09-24,BAKERSFIELD,2156016
2022-09-25,BAKERSFIELD,2156016
2022-09-26,BAKERSFIELD,2156016
2022-09-20,BAKERSFIELD,2156017
2022-09-21,BAKERSFIELD,2156017
2022-09-22,BAKERSFIELD,2156017
2022-09-23,BAKERSFIELD,2156017
2022-09-24,BAKERSFIELD,2156017
2022-09-25,BAKERSFIELD,2156017
2022-09-26,BAKERSFIELD,2156017
2022-09-20,BAKERSFIELD,2156516
2022-09-21,BAKERSFIELD,2156516
2022-09-22,BAKERSFIELD,2156516
2022-09-23,BAKERSFIELD,2156516
2022-09-24,BAKERSFIELD,2156516
2022-09-25,BAKERSFIELD,2156516
2022-09-26,BAKERSFIELD,2156516
2022-09-20,BAKERSFIELD,2156517
2022-09-21,BAKERSFIELD,2156517
2022-09-22,BAKERSFIELD,2156517
2022-09-23,BAKERSFIELD,2156517
2022-09-24,BAKERSFIELD,2156517
2022-09-25,BAKERSFIELD,2156517
2022-09-26,BAKERSFIELD,2156517
2022-09-20,BAKERSFIELD,2157015
2022-09-21,BAKERSFIELD,2157015
2022-09-22,BAKERSFIELD,2157015
2022-09-23,BAKERSFIELD,2157015
2022-09-24,BAKERSFIELD,2157015
2022-09-25,BAKERSFIELD,2157015
2022-09-26,BAKERSFIELD,2157015
2022-09-20,BAKERSFIELD,2157016
2022-09-21,BAKERSFIELD,2157016
2022-09-22,BAKERSFIELD,2157016
2022-09-23,BAKERSFIELD,2157016
2022-09-24,BAKERSFIELD,2157016
2022-09-25,BAKERSFIELD,2157016
2022-09-26,BAKERSFIELD,2157016
2022-09-20,BAKERSFIELD,2254018
2022-09-21,BAKERSFIELD,2254018
2022-09-22,BAKERSFIELD,2254018
2022-09-23,BAKERSFIELD,2254018
2022-09-24,BAKERSFIELD,2254018
2022-09-25,BAKERSFIELD,2254018
2022-09-26,BAKERSFIELD,2254018
2022-09-20,BAKERSFIELD,2254517
2022-09-21,BAKERSFIELD,2254517
2022-09-22,BAKERSFIELD,2254517
2022-09-23,BAKERSFIELD,2254517
2022-09-24,BAKERSFIELD,2254517
2022-09-25,BAKERSFIELD,2254517
2022-09-26,BAKERSFIELD,2254517
2022-09-20,BAKERSFIELD,2254518
2022-09-21,BAKERSFIELD,2254518
2022-09-22,BAKERSFIELD,2254518
2022-09-23,BAKERSFIELD,2254518
2022-09-24,BAKERSFIELD,2254518
2022-09-25,BAKERSFIELD,2254518
2022-09-26,BAKERSFIELD,2254518
2022-09-20,BAKERSFIELD,2255017
2022-09-21,BAKERSFIELD,2255017
2022-09-22,BAKERSFIELD,2255017
2022-09-23,BAKERSFIELD,2255017
2022-09-24,BAKERSFIELD,2255017
2022-09-25,BAKERSFIELD,2255017
2022-09-26,BAKERSFIELD,2255017
2022-09-20,BAKERSFIELD,2255018
2022-09-21,BAKERSFIELD,2255018
2022-09-22,BAKERSFIELD,2255018
2022-09-23,BAKERSFIELD,2255018
2022-09-24,BAKERSFIELD,2255018
2022-09-25,BAKERSFIELD,2255018
2022-09-26,BAKERSFIELD,2255018
2022-09-20,BAKERSFIELD,2255517
2022-09-21,BAKERSFIELD,2255517
2022-09-22,BAKERSFIELD,2255517
2022-09-23,BAKERSFIELD,2255517
2022-09-24,BAKERSFIELD,2255517
2022-09-25,BAKERSFIELD,2255517
2022-09-26,BAKERSFIELD,2255517
2022-09-20,BAKERSFIELD,2255518
2022-09-21,BAKERSFIELD,2255518
2022-09-22,BAKERSFIELD,2255518
2022-09-23,BAKERSFIELD,2255518
2022-09-24,BAKERSFIELD,2255518
2022-09-25,BAKERSFIELD,2255518
2022-09-26,BAKERSFIELD,2255518
2022-09-20,BAKERSFIELD,2255519
2022-09-21,BAKERSFIELD,2255519
2022-09-22,BAKERSFIELD,2255519
2022-09-23,BAKERSFIELD,2255519
2022-09-24,BAKERSFIELD,2255519
2022-09-25,BAKERSFIELD,2255519
2022-09-26,BAKERSFIELD,2255519
2022-09-20,BAKERSFIELD,2256016
2022-09-21,BAKERSFIELD,2256016
2022-09-22,BAKERSFIELD,2256016
2022-09-23,BAKERSFIELD,2256016
2022-09-24,BAKERSFIELD,2256016
2022-09-25,BAKERSFIELD,2256016
2022-09-26,BAKERSFIELD,2256016
2022-09-20,BAKERSFIELD,2256017
2022-09-21,BAKERSFIELD,2256017
2022-09-22,BAKERSFIELD,2256017
2022-09-23,BAKERSFIELD,2256017
2022-09-24,BAKERSFIELD,2256017
2022-09-25,BAKERSFIELD,2256017
2022-09-26,BAKERSFIELD,2256017
2022-09-20,BAKERSFIELD,2256018
2022-09-21,BAKERSFIELD,2256018
2022-09-22,BAKERSFIELD,2256018
2022-09-23,BAKERSFIELD,2256018
2022-09-24,BAKERSFIELD,2256018
2022-09-25,BAKERSFIELD,2256018
2022-09-26,BAKERSFIELD,2256018
2022-09-20,BAKERSFIELD,2256516
2022-09-21,BAKERSFIELD,2256516
2022-09-22,BAKERSFIELD,2256516
2022-09-23,BAKERSFIELD,2256516
2022-09-24,BAKERSFIELD,2256516
2022-09-25,BAKERSFIELD,2256516
2022-09-26,BAKERSFIELD,2256516
2022-09-20,BAKERSFIELD,2256517
2022-09-21,BAKERSFIELD,2256517
2022-09-22,BAKERSFIELD,2256517
2022-09-23,BAKERSFIELD,2256517
2022-09-24,BAKERSFIELD,2256517
2022-09-25,BAKERSFIELD,2256517
2022-09-26,BAKERSFIELD,2256517
2022-09-20,BAKERSFIELD,2257016
2022-09-21,BAKERSFIELD,2257016
2022-09-22,BAKERSFIELD,2257016
2022-09-23,BAKERSFIELD,2257016
2022-09-24,BAKERSFIELD,2257016
2022-09-25,BAKERSFIELD,2257016
2022-09-26,BAKERSFIELD,2257016
2022-09-20,BAKERSFIELD,2257515
2022-09-21,BAKERSFIELD,2257515
2022-09-22,BAKERSFIELD,2257515
2022-09-23,BAKERSFIELD,2257515
2022-09-24,BAKERSFIELD,2257515
2022-09-25,BAKERSFIELD,2257515
2022-09-26,BAKERSFIELD,2257515
2022-09-20,BAKERSFIELD,2257516
2022-09-21,BAKERSFIELD,2257516
2022-09-22,BAKERSFIELD,2257516
2022-09-23,BAKERSFIELD,2257516
2022-09-24,BAKERSFIELD,2257516
2022-09-25,BAKERSFIELD,2257516
2022-09-26,BAKERSFIELD,2257516
2022-09-20,BAKERSFIELD,2354018
2022-09-21,BAKERSFIELD,2354018
2022-09-22,BAKERSFIELD,2354018
2022-09-23,BAKERSFIELD,2354018
2022-09-24,BAKERSFIELD,2354018
2022-09-25,BAKERSFIELD,2354018
2022-09-26,BAKERSFIELD,2354018
2022-09-20,BAKERSFIELD,2354019
2022-09-21,BAKERSFIELD,2354019
2022-09-22,BAKERSFIELD,2354019
2022-09-23,BAKERSFIELD,2354019
2022-09-24,BAKERSFIELD,2354019
2022-09-25,BAKERSFIELD,2354019
2022-09-26,BAKERSFIELD,2354019
2022-09-20,BAKERSFIELD,2354517
2022-09-21,BAKERSFIELD,2354517
2022-09-22,BAKERSFIELD,2354517
2022-09-23,BAKERSFIELD,2354517
2022-09-24,BAKERSFIELD,2354517
2022-09-25,BAKERSFIELD,2354517
2022-09-26,BAKERSFIELD,2354517
2022-09-20,BAKERSFIELD,2354518
2022-09-21,BAKERSFIELD,2354518
2022-09-22,BAKERSFIELD,2354518
2022-09-23,BAKERSFIELD,2354518
2022-09-24,BAKERSFIELD,2354518
2022-09-25,BAKERSFIELD,2354518
2022-09-26,BAKERSFIELD,2354518
2022-09-20,BAKERSFIELD,2354519
2022-09-21,BAKERSFIELD,2354519
2022-09-22,BAKERSFIELD,2354519
2022-09-23,BAKERSFIELD,2354519
2022-09-24,BAKERSFIELD,2354519
2022-09-25,BAKERSFIELD,2354519
2022-09-26,BAKERSFIELD,2354519
2022-09-20,BAKERSFIELD,2355017
2022-09-21,BAKERSFIELD,2355017
2022-09-22,BAKERSFIELD,2355017
2022-09-23,BAKERSFIELD,2355017
2022-09-24,BAKERSFIELD,2355017
2022-09-25,BAKERSFIELD,2355017
2022-09-26,BAKERSFIELD,2355017
2022-09-20,BAKERSFIELD,2355018
2022-09-21,BAKERSFIELD,2355018
2022-09-22,BAKERSFIELD,2355018
2022-09-23,BAKERSFIELD,2355018
2022-09-24,BAKERSFIELD,2355018
2022-09-25,BAKERSFIELD,2355018
2022-09-26,BAKERSFIELD,2355018
2022-09-20,BAKERSFIELD,2355019
2022-09-21,BAKERSFIELD,2355019
2022-09-22,BAKERSFIELD,2355019
2022-09-23,BAKERSFIELD,2355019
2022-09-24,BAKERSFIELD,2355019
2022-09-25,BAKERSFIELD,2355019
2022-09-26,BAKERSFIELD,2355019
2022-09-20,BAKERSFIELD,2355517
2022-09-21,BAKERSFIELD,2355517
2022-09-22,BAKERSFIELD,2355517
2022-09-23,BAKERSFIELD,2355517
2022-09-24,BAKERSFIELD,2355517
2022-09-25,BAKERSFIELD,2355517
2022-09-26,BAKERSFIELD,2355517
2022-09-20,BAKERSFIELD,2355518
2022-09-21,BAKERSFIELD,2355518
2022-09-22,BAKERSFIELD,2355518
2022-09-23,BAKERSFIELD,2355518
2022-09-24,BAKERSFIELD,2355518
2022-09-25,BAKERSFIELD,2355518
2022-09-26,BAKERSFIELD,2355518
2022-09-20,BAKERSFIELD,2355519
2022-09-21,BAKERSFIELD,2355519
2022-09-22,BAKERSFIELD,2355519
2022-09-23,BAKERSFIELD,2355519
2022-09-24,BAKERSFIELD,2355519
2022-09-25,BAKERSFIELD,2355519
2022-09-26,BAKERSFIELD,2355519
2022-09-20,BAKERSFIELD,2355520
2022-09-21,BAKERSFIELD,2355520
2022-09-22,BAKERSFIELD,2355520
2022-09-23,BAKERSFIELD,2355520
2022-09-24,BAKERSFIELD,2355520
2022-09-25,BAKERSFIELD,2355520
2022-09-26,BAKERSFIELD,2355520
2022-09-20,BAKERSFIELD,2356016
2022-09-21,BAKERSFIELD,2356016
2022-09-22,BAKERSFIELD,2356016
2022-09-23,BAKERSFIELD,2356016
2022-09-24,BAKERSFIELD,2356016
2022-09-25,BAKERSFIELD,2356016
2022-09-26,BAKERSFIELD,2356016
2022-09-20,BAKERSFIELD,2356017
2022-09-21,BAKERSFIELD,2356017
2022-09-22,BAKERSFIELD,2356017
2022-09-23,BAKERSFIELD,2356017
2022-09-24,BAKERSFIELD,2356017
2022-09-25,BAKERSFIELD,2356017
2022-09-26,BAKERSFIELD,2356017
2022-09-20,BAKERSFIELD,2356018
2022-09-21,BAKERSFIELD,2356018
2022-09-22,BAKERSFIELD,2356018
2022-09-23,BAKERSFIELD,2356018
2022-09-24,BAKERSFIELD,2356018
2022-09-25,BAKERSFIELD,2356018
2022-09-26,BAKERSFIELD,2356018
2022-09-20,BAKERSFIELD,2356516
2022-09-21,BAKERSFIELD,2356516
2022-09-22,BAKERSFIELD,2356516
2022-09-23,BAKERSFIELD,2356516
2022-09-24,BAKERSFIELD,2356516
2022-09-25,BAKERSFIELD,2356516
2022-09-26,BAKERSFIELD,2356516
2022-09-20,BAKERSFIELD,2356517
2022-09-21,BAKERSFIELD,2356517
2022-09-22,BAKERSFIELD,2356517
2022-09-23,BAKERSFIELD,2356517
2022-09-24,BAKERSFIELD,2356517
2022-09-25,BAKERSFIELD,2356517
2022-09-26,BAKERSFIELD,2356517
2022-09-20,BAKERSFIELD,2356518
2022-09-21,BAKERSFIELD,2356518
2022-09-22,BAKERSFIELD,2356518
2022-09-23,BAKERSFIELD,2356518
2022-09-24,BAKERSFIELD,2356518
2022-09-25,BAKERSFIELD,2356518
2022-09-26,BAKERSFIELD,2356518
2022-09-20,BAKERSFIELD,2357016
2022-09-21,BAKERSFIELD,2357016
2022-09-22,BAKERSFIELD,2357016
2022-09-23,BAKERSFIELD,2357016
2022-09-24,BAKERSFIELD,2357016
2022-09-25,BAKERSFIELD,2357016
2022-09-26,BAKERSFIELD,2357016
2022-09-20,BAKERSFIELD,2357515
2022-09-21,BAKERSFIELD,2357515
2022-09-22,BAKERSFIELD,2357515
2022-09-23,BAKERSFIELD,2357515
2022-09-24,BAKERSFIELD,2357515
2022-09-25,BAKERSFIELD,2357515
2022-09-26,BAKERSFIELD,2357515
2022-09-20,BAKERSFIELD,2358016
2022-09-21,BAKERSFIELD,2358016
2022-09-22,BAKERSFIELD,2358016
2022-09-23,BAKERSFIELD,2358016
2022-09-24,BAKERSFIELD,2358016
2022-09-25,BAKERSFIELD,2358016
2022-09-26,BAKERSFIELD,2358016
2022-09-20,BAKERSFIELD,2358017
2022-09-21,BAKERSFIELD,2358017
2022-09-22,BAKERSFIELD,2358017
2022-09-23,BAKERSFIELD,2358017
2022-09-24,BAKERSFIELD,2358017
2022-09-25,BAKERSFIELD,2358017
2022-09-26,BAKERSFIELD,2358017
2022-09-20,BAKERSFIELD,2358516
2022-09-21,BAKERSFIELD,2358516
2022-09-22,BAKERSFIELD,2358516
2022-09-23,BAKERSFIELD,2358516
2022-09-24,BAKERSFIELD,2358516
2022-09-25,BAKERSFIELD,2358516
2022-09-26,BAKERSFIELD,2358516
2022-09-20,BAKERSFIELD,2454018
2022-09-21,BAKERSFIELD,2454018
2022-09-22,BAKERSFIELD,2454018
2022-09-23,BAKERSFIELD,2454018
2022-09-24,BAKERSFIELD,2454018
2022-09-25,BAKERSFIELD,2454018
2022-09-26,BAKERSFIELD,2454018
2022-09-20,BAKERSFIELD,2454019
2022-09-21,BAKERSFIELD,2454019
2022-09-22,BAKERSFIELD,2454019
2022-09-23,BAKERSFIELD,2454019
2022-09-24,BAKERSFIELD,2454019
2022-09-25,BAKERSFIELD,2454019
2022-09-26,BAKERSFIELD,2454019
2022-09-20,BAKERSFIELD,2454020
2022-09-21,BAKERSFIELD,2454020
2022-09-22,BAKERSFIELD,2454020
2022-09-23,BAKERSFIELD,2454020
2022-09-24,BAKERSFIELD,2454020
2022-09-25,BAKERSFIELD,2454020
2022-09-26,BAKERSFIELD,2454020
2022-09-20,BAKERSFIELD,2454517
2022-09-21,BAKERSFIELD,2454517
2022-09-22,BAKERSFIELD,2454517
2022-09-23,BAKERSFIELD,2454517
2022-09-24,BAKERSFIELD,2454517
2022-09-25,BAKERSFIELD,2454517
2022-09-26,BAKERSFIELD,2454517
2022-09-20,BAKERSFIELD,2454518
2022-09-21,BAKERSFIELD,2454518
2022-09-22,BAKERSFIELD,2454518
2022-09-23,BAKERSFIELD,2454518
2022-09-24,BAKERSFIELD,2454518
2022-09-25,BAKERSFIELD,2454518
2022-09-26,BAKERSFIELD,2454518
2022-09-20,BAKERSFIELD,2454519
2022-09-21,BAKERSFIELD,2454519
2022-09-22,BAKERSFIELD,2454519
2022-09-23,BAKERSFIELD,2454519
2022-09-24,BAKERSFIELD,2454519
2022-09-25,BAKERSFIELD,2454519
2022-09-26,BAKERSFIELD,2454519
2022-09-20,BAKERSFIELD,2454520
2022-09-21,BAKERSFIELD,2454520
2022-09-22,BAKERSFIELD,2454520
2022-09-23,BAKERSFIELD,2454520
2022-09-24,BAKERSFIELD,2454520
2022-09-25,BAKERSFIELD,2454520
2022-09-26,BAKERSFIELD,2454520
2022-09-20,BAKERSFIELD,2455020
2022-09-21,BAKERSFIELD,2455020
2022-09-22,BAKERSFIELD,2455020
2022-09-23,BAKERSFIELD,2455020
2022-09-24,BAKERSFIELD,2455020
2022-09-25,BAKERSFIELD,2455020
2022-09-26,BAKERSFIELD,2455020
2022-09-20,BAKERSFIELD,2455519
2022-09-21,BAKERSFIELD,2455519
2022-09-22,BAKERSFIELD,2455519
2022-09-23,BAKERSFIELD,2455519
2022-09-24,BAKERSFIELD,2455519
2022-09-25,BAKERSFIELD,2455519
2022-09-26,BAKERSFIELD,2455519
2022-09-20,BAKERSFIELD,2456018
2022-09-21,BAKERSFIELD,2456018
2022-09-22,BAKERSFIELD,2456018
2022-09-23,BAKERSFIELD,2456018
2022-09-24,BAKERSFIELD,2456018
2022-09-25,BAKERSFIELD,2456018
2022-09-26,BAKERSFIELD,2456018
2022-09-20,BAKERSFIELD,2456517
2022-09-21,BAKERSFIELD,2456517
2022-09-22,BAKERSFIELD,2456517
2022-09-23,BAKERSFIELD,2456517
2022-09-24,BAKERSFIELD,2456517
2022-09-25,BAKERSFIELD,2456517
2022-09-26,BAKERSFIELD,2456517
2022-09-20,BAKERSFIELD,2457016
2022-09-21,BAKERSFIELD,2457016
2022-09-22,BAKERSFIELD,2457016
2022-09-23,BAKERSFIELD,2457016
2022-09-24,BAKERSFIELD,2457016
2022-09-25,BAKERSFIELD,2457016
2022-09-26,BAKERSFIELD,2457016
2022-09-20,BAKERSFIELD,2457017
2022-09-21,BAKERSFIELD,2457017
2022-09-22,BAKERSFIELD,2457017
2022-09-23,BAKERSFIELD,2457017
2022-09-24,BAKERSFIELD,2457017
2022-09-25,BAKERSFIELD,2457017
2022-09-26,BAKERSFIELD,2457017
2022-09-20,BAKERSFIELD,2457516
2022-09-21,BAKERSFIELD,2457516
2022-09-22,BAKERSFIELD,2457516
2022-09-23,BAKERSFIELD,2457516
2022-09-24,BAKERSFIELD,2457516
2022-09-25,BAKERSFIELD,2457516
2022-09-26,BAKERSFIELD,2457516
2022-09-20,BAKERSFIELD,2457517
2022-09-21,BAKERSFIELD,2457517
2022-09-22,BAKERSFIELD,2457517
2022-09-23,BAKERSFIELD,2457517
2022-09-24,BAKERSFIELD,2457517
2022-09-25,BAKERSFIELD,2457517
2022-09-26,BAKERSFIELD,2457517
2022-09-20,BAKERSFIELD,2554519
2022-09-21,BAKERSFIELD,2554519
2022-09-22,BAKERSFIELD,2554519
2022-09-23,BAKERSFIELD,2554519
2022-09-24,BAKERSFIELD,2554519
2022-09-25,BAKERSFIELD,2554519
2022-09-26,BAKERSFIELD,2554519
2022-09-20,BAKERSFIELD,2554520
2022-09-21,BAKERSFIELD,2554520
2022-09-22,BAKERSFIELD,2554520
2022-09-23,BAKERSFIELD,2554520
2022-09-24,BAKERSFIELD,2554520
2022-09-25,BAKERSFIELD,2554520
2022-09-26,BAKERSFIELD,2554520
2022-09-20,BAKERSFIELD,2555020
2022-09-21,BAKERSFIELD,2555020
2022-09-22,BAKERSFIELD,2555020
2022-09-23,BAKERSFIELD,2555020
2022-09-24,BAKERSFIELD,2555020
2022-09-25,BAKERSFIELD,2555020
2022-09-26,BAKERSFIELD,2555020
2022-09-20,BAKERSFIELD,2555520
2022-09-21,BAKERSFIELD,2555520
2022-09-22,BAKERSFIELD,2555520
2022-09-23,BAKERSFIELD,2555520
2022-09-24,BAKERSFIELD,2555520
2022-09-25,BAKERSFIELD,2555520
2022-09-26,BAKERSFIELD,2555520
2022-09-20,BAKERSFIELD,2556019
2022-09-21,BAKERSFIELD,2556019
2022-09-22,BAKERSFIELD,2556019
2022-09-23,BAKERSFIELD,2556019
2022-09-24,BAKERSFIELD,2556019
2022-09-25,BAKERSFIELD,2556019
2022-09-26,BAKERSFIELD,2556019
2022-09-20,BAKERSFIELD,2556517
2022-09-21,BAKERSFIELD,2556517
2022-09-22,BAKERSFIELD,2556517
2022-09-23,BAKERSFIELD,2556517
2022-09-24,BAKERSFIELD,2556517
2022-09-25,BAKERSFIELD,2556517
2022-09-26,BAKERSFIELD,2556517
2022-09-20,BAKERSFIELD,2556518
2022-09-21,BAKERSFIELD,2556518
2022-09-22,BAKERSFIELD,2556518
2022-09-23,BAKERSFIELD,2556518
2022-09-24,BAKERSFIELD,2556518
2022-09-25,BAKERSFIELD,2556518
2022-09-26,BAKERSFIELD,2556518
2022-09-20,BAKERSFIELD,2557517
2022-09-21,BAKERSFIELD,2557517
2022-09-22,BAKERSFIELD,2557517
2022-09-23,BAKERSFIELD,2557517
2022-09-24,BAKERSFIELD,2557517
2022-09-25,BAKERSFIELD,2557517
2022-09-26,BAKERSFIELD,2557517
2022-09-20,BAKERSFIELD,2655020
2022-09-21,BAKERSFIELD,2655020
2022-09-22,BAKERSFIELD,2655020
2022-09-23,BAKERSFIELD,2655020
2022-09-24,BAKERSFIELD,2655020
2022-09-25,BAKERSFIELD,2655020
2022-09-26,BAKERSFIELD,2655020
2022-09-20,BAKERSFIELD,2656018
2022-09-21,BAKERSFIELD,2656018
2022-09-22,BAKERSFIELD,2656018
2022-09-23,BAKERSFIELD,2656018
2022-09-24,BAKERSFIELD,2656018
2022-09-25,BAKERSFIELD,2656018
2022-09-26,BAKERSFIELD,2656018
2022-09-20,BAKERSFIELD,2656518
2022-09-21,BAKERSFIELD,2656518
2022-09-22,BAKERSFIELD,2656518
2022-09-23,BAKERSFIELD,2656518
2022-09-24,BAKERSFIELD,2656518
2022-09-25,BAKERSFIELD,2656518
2022-09-26,BAKERSFIELD,2656518
2022-09-20,BAKERSFIELD,2657016
2022-09-21,BAKERSFIELD,2657016
2022-09-22,BAKERSFIELD,2657016
2022-09-23,BAKERSFIELD,2657016
2022-09-24,BAKERSFIELD,2657016
2022-09-25,BAKERSFIELD,2657016
2022-09-26,BAKERSFIELD,2657016
2022-09-20,BAKERSFIELD,2657017
2022-09-21,BAKERSFIELD,2657017
2022-09-22,BAKERSFIELD,2657017
2022-09-23,BAKERSFIELD,2657017
2022-09-24,BAKERSFIELD,2657017
2022-09-25,BAKERSFIELD,2657017
2022-09-26,BAKERSFIELD,2657017
2022-09-20,BAKERSFIELD,2657018
2022-09-21,BAKERSFIELD,2657018
2022-09-22,BAKERSFIELD,2657018
2022-09-23,BAKERSFIELD,2657018
2022-09-24,BAKERSFIELD,2657018
2022-09-25,BAKERSFIELD,2657018
2022-09-26,BAKERSFIELD,2657018
2022-09-20,BAKERSFIELD,2657516
2022-09-21,BAKERSFIELD,2657516
2022-09-22,BAKERSFIELD,2657516
2022-09-23,BAKERSFIELD,2657516
2022-09-24,BAKERSFIELD,2657516
2022-09-25,BAKERSFIELD,2657516
2022-09-26,BAKERSFIELD,2657516
2022-09-20,BAKERSFIELD,2754020
2022-09-21,BAKERSFIELD,2754020
2022-09-22,BAKERSFIELD,2754020
2022-09-23,BAKERSFIELD,2754020
2022-09-24,BAKERSFIELD,2754020
2022-09-25,BAKERSFIELD,2754020
2022-09-26,BAKERSFIELD,2754020
2022-09-20,BAKERSFIELD,2755520
2022-09-21,BAKERSFIELD,2755520
2022-09-22,BAKERSFIELD,2755520
2022-09-23,BAKERSFIELD,2755520
2022-09-24,BAKERSFIELD,2755520
2022-09-25,BAKERSFIELD,2755520
2022-09-26,BAKERSFIELD,2755520
2022-09-20,BAKERSFIELD,2756020
2022-09-21,BAKERSFIELD,2756020
2022-09-22,BAKERSFIELD,2756020
2022-09-23,BAKERSFIELD,2756020
2022-09-24,BAKERSFIELD,2756020
2022-09-25,BAKERSFIELD,2756020
2022-09-26,BAKERSFIELD,2756020
2022-09-20,BAKERSFIELD,2756518
2022-09-21,BAKERSFIELD,2756518
2022-09-22,BAKERSFIELD,2756518
2022-09-23,BAKERSFIELD,2756518
2022-09-24,BAKERSFIELD,2756518
2022-09-25,BAKERSFIELD,2756518
2022-09-26,BAKERSFIELD,2756518
2022-09-20,BAKERSFIELD,2756520
2022-09-21,BAKERSFIELD,2756520
2022-09-22,BAKERSFIELD,2756520
2022-09-23,BAKERSFIELD,2756520
2022-09-24,BAKERSFIELD,2756520
2022-09-25,BAKERSFIELD,2756520
2022-09-26,BAKERSFIELD,2756520
2022-09-20,BAKERSFIELD,2757018
2022-09-21,BAKERSFIELD,2757018
2022-09-22,BAKERSFIELD,2757018
2022-09-23,BAKERSFIELD,2757018
2022-09-24,BAKERSFIELD,2757018
2022-09-25,BAKERSFIELD,2757018
2022-09-26,BAKERSFIELD,2757018
2022-09-20,BAKERSFIELD,2854522
2022-09-21,BAKERSFIELD,2854522
2022-09-22,BAKERSFIELD,2854522
2022-09-23,BAKERSFIELD,2854522
2022-09-24,BAKERSFIELD,2854522
2022-09-25,BAKERSFIELD,2854522
2022-09-26,BAKERSFIELD,2854522
2022-09-20,BAKERSFIELD,2857017
2022-09-21,BAKERSFIELD,2857017
2022-09-22,BAKERSFIELD,2857017
2022-09-23,BAKERSFIELD,2857017
2022-09-24,BAKERSFIELD,2857017
2022-09-25,BAKERSFIELD,2857017
2022-09-26,BAKERSFIELD,2857017
2022-09-20,BAKERSFIELD,2857516
2022-09-21,BAKERSFIELD,2857516
2022-09-22,BAKERSFIELD,2857516
2022-09-23,BAKERSFIELD,2857516
2022-09-24,BAKERSFIELD,2857516
2022-09-25,BAKERSFIELD,2857516
2022-09-26,BAKERSFIELD,2857516
2022-09-20,BAKERSFIELD,3512520
2022-09-21,BAKERSFIELD,3512520
2022-09-22,BAKERSFIELD,3512520
2022-09-23,BAKERSFIELD,3512520
2022-09-24,BAKERSFIELD,3512520
2022-09-25,BAKERSFIELD,3512520
2022-09-26,BAKERSFIELD,3512520
2022-09-20,OAKLAND,1856015
2022-09-21,OAKLAND,1856015
2022-09-22,OAKLAND,1856015
2022-09-23,OAKLAND,1856015
2022-09-24,OAKLAND,1856015
2022-09-25,OAKLAND,1856015
2022-09-26,OAKLAND,1856015
2022-09-20,OAKLAND,1856515
2022-09-21,OAKLAND,1856515
2022-09-22,OAKLAND,1856515
2022-09-23,OAKLAND,1856515
2022-09-24,OAKLAND,1856515
2022-09-25,OAKLAND,1856515
2022-09-26,OAKLAND,1856515
2022-09-20,OAKLAND,1956015
2022-09-21,OAKLAND,1956015
2022-09-22,OAKLAND,1956015
2022-09-23,OAKLAND,1956015
2022-09-24,OAKLAND,1956015
2022-09-25,OAKLAND,1956015
2022-09-26,OAKLAND,1956015
2022-09-20,OAKLAND,1956515
2022-09-21,OAKLAND,1956515
2022-09-22,OAKLAND,1956515
2022-09-23,OAKLAND,1956515
2022-09-24,OAKLAND,1956515
2022-09-25,OAKLAND,1956515
2022-09-26,OAKLAND,1956515
2022-09-20,OAKLAND,2055017
2022-09-21,OAKLAND,2055017
2022-09-22,OAKLAND,2055017
2022-09-23,OAKLAND,2055017
2022-09-24,OAKLAND,2055017
2022-09-25,OAKLAND,2055017
2022-09-26,OAKLAND,2055017
2022-09-20,OAKLAND,2055516
2022-09-21,OAKLAND,2055516
2022-09-22,OAKLAND,2055516
2022-09-23,OAKLAND,2055516
2022-09-24,OAKLAND,2055516
2022-09-25,OAKLAND,2055516
2022-09-26,OAKLAND,2055516
2022-09-20,OAKLAND,2056016
2022-09-21,OAKLAND,2056016
2022-09-22,OAKLAND,2056016
2022-09-23,OAKLAND,2056016
2022-09-24,OAKLAND,2056016
2022-09-25,OAKLAND,2056016
2022-09-26,OAKLAND,2056016
2022-09-20,OAKLAND,2056515
2022-09-21,OAKLAND,2056515
2022-09-22,OAKLAND,2056515
2022-09-23,OAKLAND,2056515
2022-09-24,OAKLAND,2056515
2022-09-25,OAKLAND,2056515
2022-09-26,OAKLAND,2056515
2022-09-20,OAKLAND,2056516
2022-09-21,OAKLAND,2056516
2022-09-22,OAKLAND,2056516
2022-09-23,OAKLAND,2056516
2022-09-24,OAKLAND,2056516
2022-09-25,OAKLAND,2056516
2022-09-26,OAKLAND,2056516
2022-09-20,OAKLAND,2057015
2022-09-21,OAKLAND,2057015
2022-09-22,OAKLAND,2057015
2022-09-23,OAKLAND,2057015
2022-09-24,OAKLAND,2057015
2022-09-25,OAKLAND,2057015
2022-09-26,OAKLAND,2057015
2022-09-20,OAKLAND,2057016
2022-09-21,OAKLAND,2057016
2022-09-22,OAKLAND,2057016
2022-09-23,OAKLAND,2057016
2022-09-24,OAKLAND,2057016
2022-09-25,OAKLAND,2057016
2022-09-26,OAKLAND,2057016
2022-09-20,OAKLAND,2057514
2022-09-21,OAKLAND,2057514
2022-09-22,OAKLAND,2057514
2022-09-23,OAKLAND,2057514
2022-09-24,OAKLAND,2057514
2022-09-25,OAKLAND,2057514
2022-09-26,OAKLAND,2057514
2022-09-20,OAKLAND,2057515
2022-09-21,OAKLAND,2057515
2022-09-22,OAKLAND,2057515
2022-09-23,OAKLAND,2057515
2022-09-24,OAKLAND,2057515
2022-09-25,OAKLAND,2057515
2022-09-26,OAKLAND,2057515
2022-09-20,OAKLAND,2154517
2022-09-21,OAKLAND,2154517
2022-09-22,OAKLAND,2154517
2022-09-23,OAKLAND,2154517
2022-09-24,OAKLAND,2154517
2022-09-25,OAKLAND,2154517
2022-09-26,OAKLAND,2154517
2022-09-20,OAKLAND,2155017
2022-09-21,OAKLAND,2155017
2022-09-22,OAKLAND,2155017
2022-09-23,OAKLAND,2155017
2022-09-24,OAKLAND,2155017
2022-09-25,OAKLAND,2155017
2022-09-26,OAKLAND,2155017
2022-09-20,OAKLAND,2155516
2022-09-21,OAKLAND,2155516
2022-09-22,OAKLAND,2155516
2022-09-23,OAKLAND,2155516
2022-09-24,OAKLAND,2155516
2022-09-25,OAKLAND,2155516
2022-09-26,OAKLAND,2155516
2022-09-20,OAKLAND,2155517
2022-09-21,OAKLAND,2155517
2022-09-22,OAKLAND,2155517
2022-09-23,OAKLAND,2155517
2022-09-24,OAKLAND,2155517
2022-09-25,OAKLAND,2155517
2022-09-26,OAKLAND,2155517
2022-09-20,OAKLAND,2155518
2022-09-21,OAKLAND,2155518
2022-09-22,OAKLAND,2155518
2022-09-23,OAKLAND,2155518
2022-09-24,OAKLAND,2155518
2022-09-25,OAKLAND,2155518
2022-09-26,OAKLAND,2155518
2022-09-20,OAKLAND,2156016
2022-09-21,OAKLAND,2156016
2022-09-22,OAKLAND,2156016
2022-09-23,OAKLAND,2156016
2022-09-24,OAKLAND,2156016
2022-09-25,OAKLAND,2156016
2022-09-26,OAKLAND,2156016
2022-09-20,OAKLAND,2156017
2022-09-21,OAKLAND,2156017
2022-09-22,OAKLAND,2156017
2022-09-23,OAKLAND,2156017
2022-09-24,OAKLAND,2156017
2022-09-25,OAKLAND,2156017
2022-09-26,OAKLAND,2156017
2022-09-20,OAKLAND,2156516
2022-09-21,OAKLAND,2156516
2022-09-22,OAKLAND,2156516
2022-09-23,OAKLAND,2156516
2022-09-24,OAKLAND,2156516
2022-09-25,OAKLAND,2156516
2022-09-26,OAKLAND,2156516
2022-09-20,OAKLAND,2156517
2022-09-21,OAKLAND,2156517
2022-09-22,OAKLAND,2156517
2022-09-23,OAKLAND,2156517
2022-09-24,OAKLAND,2156517
2022-09-25,OAKLAND,2156517
2022-09-26,OAKLAND,2156517
2022-09-20,OAKLAND,2157015
2022-09-21,OAKLAND,2157015
2022-09-22,OAKLAND,2157015
2022-09-23,OAKLAND,2157015
2022-09-24,OAKLAND,2157015
2022-09-25,OAKLAND,2157015
2022-09-26,OAKLAND,2157015
2022-09-20,OAKLAND,2157016
2022-09-21,OAKLAND,2157016
2022-09-22,OAKLAND,2157016
2022-09-23,OAKLAND,2157016
2022-09-24,OAKLAND,2157016
2022-09-25,OAKLAND,2157016
2022-09-26,OAKLAND,2157016
2022-09-20,OAKLAND,2254018
2022-09-21,OAKLAND,2254018
2022-09-22,OAKLAND,2254018
2022-09-23,OAKLAND,2254018
2022-09-24,OAKLAND,2254018
2022-09-25,OAKLAND,2254018
2022-09-26,OAKLAND,2254018
2022-09-20,OAKLAND,2254517
2022-09-21,OAKLAND,2254517
2022-09-22,OAKLAND,2254517
2022-09-23,OAKLAND,2254517
2022-09-24,OAKLAND,2254517
2022-09-25,OAKLAND,2254517
2022-09-26,OAKLAND,2254517
2022-09-20,OAKLAND,2254518
2022-09-21,OAKLAND,2254518
2022-09-22,OAKLAND,2254518
2022-09-23,OAKLAND,2254518
2022-09-24,OAKLAND,2254518
2022-09-25,OAKLAND,2254518
2022-09-26,OAKLAND,2254518
2022-09-20,OAKLAND,2255017
2022-09-21,OAKLAND,2255017
2022-09-22,OAKLAND,2255017
2022-09-23,OAKLAND,2255017
2022-09-24,OAKLAND,2255017
2022-09-25,OAKLAND,2255017
2022-09-26,OAKLAND,2255017
2022-09-20,OAKLAND,2255018
2022-09-21,OAKLAND,2255018
2022-09-22,OAKLAND,2255018
2022-09-23,OAKLAND,2255018
2022-09-24,OAKLAND,2255018
2022-09-25,OAKLAND,2255018
2022-09-26,OAKLAND,2255018
2022-09-20,OAKLAND,2255517
2022-09-21,OAKLAND,2255517
2022-09-22,OAKLAND,2255517
2022-09-23,OAKLAND,2255517
2022-09-24,OAKLAND,2255517
2022-09-25,OAKLAND,2255517
2022-09-26,OAKLAND,2255517
2022-09-20,OAKLAND,2255518
2022-09-21,OAKLAND,2255518
2022-09-22,OAKLAND,2255518
2022-09-23,OAKLAND,2255518
2022-09-24,OAKLAND,2255518
2022-09-25,OAKLAND,2255518
2022-09-26,OAKLAND,2255518
2022-09-20,OAKLAND,2255519
2022-09-21,OAKLAND,2255519
2022-09-22,OAKLAND,2255519
2022-09-23,OAKLAND,2255519
2022-09-24,OAKLAND,2255519
2022-09-25,OAKLAND,2255519
2022-09-26,OAKLAND,2255519
2022-09-20,OAKLAND,2256016
2022-09-21,OAKLAND,2256016
2022-09-22,OAKLAND,2256016
2022-09-23,OAKLAND,2256016
2022-09-24,OAKLAND,2256016
2022-09-25,OAKLAND,2256016
2022-09-26,OAKLAND,2256016
2022-09-20,OAKLAND,2256017
2022-09-21,OAKLAND,2256017
2022-09-22,OAKLAND,2256017
2022-09-23,OAKLAND,2256017
2022-09-24,OAKLAND,2256017
2022-09-25,OAKLAND,2256017
2022-09-26,OAKLAND,2256017
2022-09-20,OAKLAND,2256018
2022-09-21,OAKLAND,2256018
2022-09-22,OAKLAND,2256018
2022-09-23,OAKLAND,2256018
2022-09-24,OAKLAND,2256018
2022-09-25,OAKLAND,2256018
2022-09-26,OAKLAND,2256018
2022-09-20,OAKLAND,2256516
2022-09-21,OAKLAND,2256516
2022-09-22,OAKLAND,2256516
2022-09-23,OAKLAND,2256516
2022-09-24,OAKLAND,2256516
2022-09-25,OAKLAND,2256516
2022-09-26,OAKLAND,2256516
2022-09-20,OAKLAND,2256517
2022-09-21,OAKLAND,2256517
2022-09-22,OAKLAND,2256517
2022-09-23,OAKLAND,2256517
2022-09-24,OAKLAND,2256517
2022-09-25,OAKLAND,2256517
2022-09-26,OAKLAND,2256517
2022-09-20,OAKLAND,2257515
2022-09-21,OAKLAND,2257515
2022-09-22,OAKLAND,2257515
2022-09-23,OAKLAND,2257515
2022-09-24,OAKLAND,2257515
2022-09-25,OAKLAND,2257515
2022-09-26,OAKLAND,2257515
2022-09-20,OAKLAND,2257516
2022-09-21,OAKLAND,2257516
2022-09-22,OAKLAND,2257516
2022-09-23,OAKLAND,2257516
2022-09-24,OAKLAND,2257516
2022-09-25,OAKLAND,2257516
2022-09-26,OAKLAND,2257516
2022-09-20,OAKLAND,2354019
2022-09-21,OAKLAND,2354019
2022-09-22,OAKLAND,2354019
2022-09-23,OAKLAND,2354019
2022-09-24,OAKLAND,2354019
2022-09-25,OAKLAND,2354019
2022-09-26,OAKLAND,2354019
2022-09-20,OAKLAND,2354518
2022-09-21,OAKLAND,2354518
2022-09-22,OAKLAND,2354518
2022-09-23,OAKLAND,2354518
2022-09-24,OAKLAND,2354518
2022-09-25,OAKLAND,2354518
2022-09-26,OAKLAND,2354518
2022-09-20,OAKLAND,2355017
2022-09-21,OAKLAND,2355017
2022-09-22,OAKLAND,2355017
2022-09-23,OAKLAND,2355017
2022-09-24,OAKLAND,2355017
2022-09-25,OAKLAND,2355017
2022-09-26,OAKLAND,2355017
2022-09-20,OAKLAND,2355018
2022-09-21,OAKLAND,2355018
2022-09-22,OAKLAND,2355018
2022-09-23,OAKLAND,2355018
2022-09-24,OAKLAND,2355018
2022-09-25,OAKLAND,2355018
2022-09-26,OAKLAND,2355018
2022-09-20,OAKLAND,2355517
2022-09-21,OAKLAND,2355517
2022-09-22,OAKLAND,2355517
2022-09-23,OAKLAND,2355517
2022-09-24,OAKLAND,2355517
2022-09-25,OAKLAND,2355517
2022-09-26,OAKLAND,2355517
2022-09-20,OAKLAND,2355518
2022-09-21,OAKLAND,2355518
2022-09-22,OAKLAND,2355518
2022-09-23,OAKLAND,2355518
2022-09-24,OAKLAND,2355518
2022-09-25,OAKLAND,2355518
2022-09-26,OAKLAND,2355518
2022-09-20,OAKLAND,2355519
2022-09-21,OAKLAND,2355519
2022-09-22,OAKLAND,2355519
2022-09-23,OAKLAND,2355519
2022-09-24,OAKLAND,2355519
2022-09-25,OAKLAND,2355519
2022-09-26,OAKLAND,2355519
2022-09-20,OAKLAND,2355520
2022-09-21,OAKLAND,2355520
2022-09-22,OAKLAND,2355520
2022-09-23,OAKLAND,2355520
2022-09-24,OAKLAND,2355520
2022-09-25,OAKLAND,2355520
2022-09-26,OAKLAND,2355520
2022-09-20,OAKLAND,2356017
2022-09-21,OAKLAND,2356017
2022-09-22,OAKLAND,2356017
2022-09-23,OAKLAND,2356017
2022-09-24,OAKLAND,2356017
2022-09-25,OAKLAND,2356017
2022-09-26,OAKLAND,2356017
2022-09-20,OAKLAND,2356018
2022-09-21,OAKLAND,2356018
2022-09-22,OAKLAND,2356018
2022-09-23,OAKLAND,2356018
2022-09-24,OAKLAND,2356018
2022-09-25,OAKLAND,2356018
2022-09-26,OAKLAND,2356018
2022-09-20,OAKLAND,2356516
2022-09-21,OAKLAND,2356516
2022-09-22,OAKLAND,2356516
2022-09-23,OAKLAND,2356516
2022-09-24,OAKLAND,2356516
2022-09-25,OAKLAND,2356516
2022-09-26,OAKLAND,2356516
2022-09-20,OAKLAND,2356517
2022-09-21,OAKLAND,2356517
2022-09-22,OAKLAND,2356517
2022-09-23,OAKLAND,2356517
2022-09-24,OAKLAND,2356517
2022-09-25,OAKLAND,2356517
2022-09-26,OAKLAND,2356517
2022-09-20,OAKLAND,2356518
2022-09-21,OAKLAND,2356518
2022-09-22,OAKLAND,2356518
2022-09-23,OAKLAND,2356518
2022-09-24,OAKLAND,2356518
2022-09-25,OAKLAND,2356518
2022-09-26,OAKLAND,2356518
2022-09-20,OAKLAND,2357016
2022-09-21,OAKLAND,2357016
2022-09-22,OAKLAND,2357016
2022-09-23,OAKLAND,2357016
2022-09-24,OAKLAND,2357016
2022-09-25,OAKLAND,2357016
2022-09-26,OAKLAND,2357016
2022-09-20,OAKLAND,2357515
2022-09-21,OAKLAND,2357515
2022-09-22,OAKLAND,2357515
2022-09-23,OAKLAND,2357515
2022-09-24,OAKLAND,2357515
2022-09-25,OAKLAND,2357515
2022-09-26,OAKLAND,2357515
2022-09-20,OAKLAND,2358016
2022-09-21,OAKLAND,2358016
2022-09-22,OAKLAND,2358016
2022-09-23,OAKLAND,2358016
2022-09-24,OAKLAND,2358016
2022-09-25,OAKLAND,2358016
2022-09-26,OAKLAND,2358016
2022-09-20,OAKLAND,2358516
2022-09-21,OAKLAND,2358516
2022-09-22,OAKLAND,2358516
2022-09-23,OAKLAND,2358516
2022-09-24,OAKLAND,2358516
2022-09-25,OAKLAND,2358516
2022-09-26,OAKLAND,2358516
2022-09-20,OAKLAND,2454019
2022-09-21,OAKLAND,2454019
2022-09-22,OAKLAND,2454019
2022-09-23,OAKLAND,2454019
2022-09-24,OAKLAND,2454019
2022-09-25,OAKLAND,2454019
2022-09-26,OAKLAND,2454019
2022-09-20,OAKLAND,2454518
2022-09-21,OAKLAND,2454518
2022-09-22,OAKLAND,2454518
2022-09-23,OAKLAND,2454518
2022-09-24,OAKLAND,2454518
2022-09-25,OAKLAND,2454518
2022-09-26,OAKLAND,2454518
2022-09-20,OAKLAND,2454519
2022-09-21,OAKLAND,2454519
2022-09-22,OAKLAND,2454519
2022-09-23,OAKLAND,2454519
2022-09-24,OAKLAND,2454519
2022-09-25,OAKLAND,2454519
2022-09-26,OAKLAND,2454519
2022-09-20,OAKLAND,2454520
2022-09-21,OAKLAND,2454520
2022-09-22,OAKLAND,2454520
2022-09-23,OAKLAND,2454520
2022-09-24,OAKLAND,2454520
2022-09-25,OAKLAND,2454520
2022-09-26,OAKLAND,2454520
2022-09-20,OAKLAND,2455020
2022-09-21,OAKLAND,2455020
2022-09-22,OAKLAND,2455020
2022-09-23,OAKLAND,2455020
2022-09-24,OAKLAND,2455020
2022-09-25,OAKLAND,2455020
2022-09-26,OAKLAND,2455020
2022-09-20,OAKLAND,2456018
2022-09-21,OAKLAND,2456018
2022-09-22,OAKLAND,2456018
2022-09-23,OAKLAND,2456018
2022-09-24,OAKLAND,2456018
2022-09-25,OAKLAND,2456018
2022-09-26,OAKLAND,2456018
2022-09-20,OAKLAND,2456517
2022-09-21,OAKLAND,2456517
2022-09-22,OAKLAND,2456517
2022-09-23,OAKLAND,2456517
2022-09-24,OAKLAND,2456517
2022-09-25,OAKLAND,2456517
2022-09-26,OAKLAND,2456517
2022-09-20,OAKLAND,2457017
2022-09-21,OAKLAND,2457017
2022-09-22,OAKLAND,2457017
2022-09-23,OAKLAND,2457017
2022-09-24,OAKLAND,2457017
2022-09-25,OAKLAND,2457017
2022-09-26,OAKLAND,2457017
2022-09-20,OAKLAND,2457516
2022-09-21,OAKLAND,2457516
2022-09-22,OAKLAND,2457516
2022-09-23,OAKLAND,2457516
2022-09-24,OAKLAND,2457516
2022-09-25,OAKLAND,2457516
2022-09-26,OAKLAND,2457516
2022-09-20,OAKLAND,2457517
2022-09-21,OAKLAND,2457517
2022-09-22,OAKLAND,2457517
2022-09-23,OAKLAND,2457517
2022-09-24,OAKLAND,2457517
2022-09-25,OAKLAND,2457517
2022-09-26,OAKLAND,2457517
2022-09-20,OAKLAND,2555020
2022-09-21,OAKLAND,2555020
2022-09-22,OAKLAND,2555020
2022-09-23,OAKLAND,2555020
2022-09-24,OAKLAND,2555020
2022-09-25,OAKLAND,2555020
2022-09-26,OAKLAND,2555020
2022-09-20,OAKLAND,2555520
2022-09-21,OAKLAND,2555520
2022-09-22,OAKLAND,2555520
2022-09-23,OAKLAND,2555520
2022-09-24,OAKLAND,2555520
2022-09-25,OAKLAND,2555520
2022-09-26,OAKLAND,2555520
2022-09-20,OAKLAND,2556019
2022-09-21,OAKLAND,2556019
2022-09-22,OAKLAND,2556019
2022-09-23,OAKLAND,2556019
2022-09-24,OAKLAND,2556019
2022-09-25,OAKLAND,2556019
2022-09-26,OAKLAND,2556019
2022-09-20,OAKLAND,2556518
2022-09-21,OAKLAND,2556518
2022-09-22,OAKLAND,2556518
2022-09-23,OAKLAND,2556518
2022-09-24,OAKLAND,2556518
2022-09-25,OAKLAND,2556518
2022-09-26,OAKLAND,2556518
2022-09-20,OAKLAND,2655020
2022-09-21,OAKLAND,2655020
2022-09-22,OAKLAND,2655020
2022-09-23,OAKLAND,2655020
2022-09-24,OAKLAND,2655020
2022-09-25,OAKLAND,2655020
2022-09-26,OAKLAND,2655020
2022-09-20,OAKLAND,2656018
2022-09-21,OAKLAND,2656018
2022-09-22,OAKLAND,2656018
2022-09-23,OAKLAND,2656018
2022-09-24,OAKLAND,2656018
2022-09-25,OAKLAND,2656018
2022-09-26,OAKLAND,2656018
2022-09-20,OAKLAND,2656518
2022-09-21,OAKLAND,2656518
2022-09-22,OAKLAND,2656518
2022-09-23,OAKLAND,2656518
2022-09-24,OAKLAND,2656518
2022-09-25,OAKLAND,2656518
2022-09-26,OAKLAND,2656518
2022-09-20,OAKLAND,2657016
2022-09-21,OAKLAND,2657016
2022-09-22,OAKLAND,2657016
2022-09-23,OAKLAND,2657016
2022-09-24,OAKLAND,2657016
2022-09-25,OAKLAND,2657016
2022-09-26,OAKLAND,2657016
2022-09-20,OAKLAND,2657017
2022-09-21,OAKLAND,2657017
2022-09-22,OAKLAND,2657017
2022-09-23,OAKLAND,2657017
2022-09-24,OAKLAND,2657017
2022-09-25,OAKLAND,2657017
2022-09-26,OAKLAND,2657017
2022-09-20,OAKLAND,2657516
2022-09-21,OAKLAND,2657516
2022-09-22,OAKLAND,2657516
2022-09-23,OAKLAND,2657516
2022-09-24,OAKLAND,2657516
2022-09-25,OAKLAND,2657516
2022-09-26,OAKLAND,2657516
2022-09-20,OAKLAND,2755520
2022-09-21,OAKLAND,2755520
2022-09-22,OAKLAND,2755520
2022-09-23,OAKLAND,2755520
2022-09-24,OAKLAND,2755520
2022-09-25,OAKLAND,2755520
2022-09-26,OAKLAND,2755520
2022-09-20,OAKLAND,2756020
2022-09-21,OAKLAND,2756020
2022-09-22,OAKLAND,2756020
2022-09-23,OAKLAND,2756020
2022-09-24,OAKLAND,2756020
2022-09-25,OAKLAND,2756020
2022-09-26,OAKLAND,2756020
2022-09-20,OAKLAND,2756518
2022-09-21,OAKLAND,2756518
2022-09-22,OAKLAND,2756518
2022-09-23,OAKLAND,2756518
2022-09-24,OAKLAND,2756518
2022-09-25,OAKLAND,2756518
2022-09-26,OAKLAND,2756518
2022-09-20,OAKLAND,2757018
2022-09-21,OAKLAND,2757018
2022-09-22,OAKLAND,2757018
2022-09-23,OAKLAND,2757018
2022-09-24,OAKLAND,2757018
2022-09-25,OAKLAND,2757018
2022-09-26,OAKLAND,2757018
2022-09-20,OAKLAND,2854522
2022-09-21,OAKLAND,2854522
2022-09-22,OAKLAND,2854522
2022-09-23,OAKLAND,2854522
2022-09-24,OAKLAND,2854522
2022-09-25,OAKLAND,2854522
2022-09-26,OAKLAND,2854522
2022-09-20,OAKLAND,2857017
2022-09-21,OAKLAND,2857017
2022-09-22,OAKLAND,2857017
2022-09-23,OAKLAND,2857017
2022-09-24,OAKLAND,2857017
2022-09-25,OAKLAND,2857017
2022-09-26,OAKLAND,2857017
2022-09-20,SACRAMENTO,11225
2022-09-21,SACRAMENTO,11225
2022-09-22,SACRAMENTO,11225
2022-09-23,SACRAMENTO,11225
2022-09-24,SACRAMENTO,11225
2022-09-25,SACRAMENTO,11225
2022-09-26,SACRAMENTO,11225
2022-09-20,SACRAMENTO,1756514
2022-09-21,SACRAMENTO,1756514
2022-09-22,SACRAMENTO,1756514
2022-09-23,SACRAMENTO,1756514
2022-09-24,SACRAMENTO,1756514
2022-09-25,SACRAMENTO,1756514
2022-09-26,SACRAMENTO,1756514
2022-09-20,SACRAMENTO,1756515
2022-09-21,SACRAMENTO,1756515
2022-09-22,SACRAMENTO,1756515
2022-09-23,SACRAMENTO,1756515
2022-09-24,SACRAMENTO,1756515
2022-09-25,SACRAMENTO,1756515
2022-09-26,SACRAMENTO,1756515
2022-09-20,SACRAMENTO,1757014
2022-09-21,SACRAMENTO,1757014
2022-09-22,SACRAMENTO,1757014
2022-09-23,SACRAMENTO,1757014
2022-09-24,SACRAMENTO,1757014
2022-09-25,SACRAMENTO,1757014
2022-09-26,SACRAMENTO,1757014
2022-09-20,SACRAMENTO,1855515
2022-09-21,SACRAMENTO,1855515
2022-09-22,SACRAMENTO,1855515
2022-09-23,SACRAMENTO,1855515
2022-09-24,SACRAMENTO,1855515
2022-09-25,SACRAMENTO,1855515
2022-09-26,SACRAMENTO,1855515
2022-09-20,SACRAMENTO,1855516
2022-09-21,SACRAMENTO,1855516
2022-09-22,SACRAMENTO,1855516
2022-09-23,SACRAMENTO,1855516
2022-09-24,SACRAMENTO,1855516
2022-09-25,SACRAMENTO,1855516
2022-09-26,SACRAMENTO,1855516
2022-09-20,SACRAMENTO,1856015
2022-09-21,SACRAMENTO,1856015
2022-09-22,SACRAMENTO,1856015
2022-09-23,SACRAMENTO,1856015
2022-09-24,SACRAMENTO,1856015
2022-09-25,SACRAMENTO,1856015
2022-09-26,SACRAMENTO,1856015
2022-09-20,SACRAMENTO,1856514
2022-09-21,SACRAMENTO,1856514
2022-09-22,SACRAMENTO,1856514
2022-09-23,SACRAMENTO,1856514
2022-09-24,SACRAMENTO,1856514
2022-09-25,SACRAMENTO,1856514
2022-09-26,SACRAMENTO,1856514
2022-09-20,SACRAMENTO,1856515
2022-09-21,SACRAMENTO,1856515
2022-09-22,SACRAMENTO,1856515
2022-09-23,SACRAMENTO,1856515
2022-09-24,SACRAMENTO,1856515
2022-09-25,SACRAMENTO,1856515
2022-09-26,SACRAMENTO,1856515
2022-09-20,SACRAMENTO,1857014
2022-09-21,SACRAMENTO,1857014
2022-09-22,SACRAMENTO,1857014
2022-09-23,SACRAMENTO,1857014
2022-09-24,SACRAMENTO,1857014
2022-09-25,SACRAMENTO,1857014
2022-09-26,SACRAMENTO,1857014
2022-09-20,SACRAMENTO,1955515
2022-09-21,SACRAMENTO,1955515
2022-09-22,SACRAMENTO,1955515
2022-09-23,SACRAMENTO,1955515
2022-09-24,SACRAMENTO,1955515
2022-09-25,SACRAMENTO,1955515
2022-09-26,SACRAMENTO,1955515
2022-09-20,SACRAMENTO,1955516
2022-09-21,SACRAMENTO,1955516
2022-09-22,SACRAMENTO,1955516
2022-09-23,SACRAMENTO,1955516
2022-09-24,SACRAMENTO,1955516
2022-09-25,SACRAMENTO,1955516
2022-09-26,SACRAMENTO,1955516
2022-09-20,SACRAMENTO,1956015
2022-09-21,SACRAMENTO,1956015
2022-09-22,SACRAMENTO,1956015
2022-09-23,SACRAMENTO,1956015
2022-09-24,SACRAMENTO,1956015
2022-09-25,SACRAMENTO,1956015
2022-09-26,SACRAMENTO,1956015
2022-09-20,SACRAMENTO,1956515
2022-09-21,SACRAMENTO,1956515
2022-09-22,SACRAMENTO,1956515
2022-09-23,SACRAMENTO,1956515
2022-09-24,SACRAMENTO,1956515
2022-09-25,SACRAMENTO,1956515
2022-09-26,SACRAMENTO,1956515
2022-09-20,SACRAMENTO,1957014
2022-09-21,SACRAMENTO,1957014
2022-09-22,SACRAMENTO,1957014
2022-09-23,SACRAMENTO,1957014
2022-09-24,SACRAMENTO,1957014
2022-09-25,SACRAMENTO,1957014
2022-09-26,SACRAMENTO,1957014
2022-09-20,SACRAMENTO,2054517
2022-09-21,SACRAMENTO,2054517
2022-09-22,SACRAMENTO,2054517
2022-09-23,SACRAMENTO,2054517
2022-09-24,SACRAMENTO,2054517
2022-09-25,SACRAMENTO,2054517
2022-09-26,SACRAMENTO,2054517
2022-09-20,SACRAMENTO,2055016
2022-09-21,SACRAMENTO,2055016
2022-09-22,SACRAMENTO,2055016
2022-09-23,SACRAMENTO,2055016
2022-09-24,SACRAMENTO,2055016
2022-09-25,SACRAMENTO,2055016
2022-09-26,SACRAMENTO,2055016
2022-09-20,SACRAMENTO,2055017
2022-09-21,SACRAMENTO,2055017
2022-09-22,SACRAMENTO,2055017
2022-09-23,SACRAMENTO,2055017
2022-09-24,SACRAMENTO,2055017
2022-09-25,SACRAMENTO,2055017
2022-09-26,SACRAMENTO,2055017
2022-09-20,SACRAMENTO,2055516
2022-09-21,SACRAMENTO,2055516
2022-09-22,SACRAMENTO,2055516
2022-09-23,SACRAMENTO,2055516
2022-09-24,SACRAMENTO,2055516
2022-09-25,SACRAMENTO,2055516
2022-09-26,SACRAMENTO,2055516
2022-09-20,SACRAMENTO,2055517
2022-09-21,SACRAMENTO,2055517
2022-09-22,SACRAMENTO,2055517
2022-09-23,SACRAMENTO,2055517
2022-09-24,SACRAMENTO,2055517
2022-09-25,SACRAMENTO,2055517
2022-09-26,SACRAMENTO,2055517
2022-09-20,SACRAMENTO,2056015
2022-09-21,SACRAMENTO,2056015
2022-09-22,SACRAMENTO,2056015
2022-09-23,SACRAMENTO,2056015
2022-09-24,SACRAMENTO,2056015
2022-09-25,SACRAMENTO,2056015
2022-09-26,SACRAMENTO,2056015
2022-09-20,SACRAMENTO,2056016
2022-09-21,SACRAMENTO,2056016
2022-09-22,SACRAMENTO,2056016
2022-09-23,SACRAMENTO,2056016
2022-09-24,SACRAMENTO,2056016
2022-09-25,SACRAMENTO,2056016
2022-09-26,SACRAMENTO,2056016
2022-09-20,SACRAMENTO,2056515
2022-09-21,SACRAMENTO,2056515
2022-09-22,SACRAMENTO,2056515
2022-09-23,SACRAMENTO,2056515
2022-09-24,SACRAMENTO,2056515
2022-09-25,SACRAMENTO,2056515
2022-09-26,SACRAMENTO,2056515
2022-09-20,SACRAMENTO,2056516
2022-09-21,SACRAMENTO,2056516
2022-09-22,SACRAMENTO,2056516
2022-09-23,SACRAMENTO,2056516
2022-09-24,SACRAMENTO,2056516
2022-09-25,SACRAMENTO,2056516
2022-09-26,SACRAMENTO,2056516
2022-09-20,SACRAMENTO,2057015
2022-09-21,SACRAMENTO,2057015
2022-09-22,SACRAMENTO,2057015
2022-09-23,SACRAMENTO,2057015
2022-09-24,SACRAMENTO,2057015
2022-09-25,SACRAMENTO,2057015
2022-09-26,SACRAMENTO,2057015
2022-09-20,SACRAMENTO,2057016
2022-09-21,SACRAMENTO,2057016
2022-09-22,SACRAMENTO,2057016
2022-09-23,SACRAMENTO,2057016
2022-09-24,SACRAMENTO,2057016
2022-09-25,SACRAMENTO,2057016
2022-09-26,SACRAMENTO,2057016
2022-09-20,SACRAMENTO,2057514
2022-09-21,SACRAMENTO,2057514
2022-09-22,SACRAMENTO,2057514
2022-09-23,SACRAMENTO,2057514
2022-09-24,SACRAMENTO,2057514
2022-09-25,SACRAMENTO,2057514
2022-09-26,SACRAMENTO,2057514
2022-09-20,SACRAMENTO,2057515
2022-09-21,SACRAMENTO,2057515
2022-09-22,SACRAMENTO,2057515
2022-09-23,SACRAMENTO,2057515
2022-09-24,SACRAMENTO,2057515
2022-09-25,SACRAMENTO,2057515
2022-09-26,SACRAMENTO,2057515
2022-09-20,SACRAMENTO,2154018
2022-09-21,SACRAMENTO,2154018
2022-09-22,SACRAMENTO,2154018
2022-09-23,SACRAMENTO,2154018
2022-09-24,SACRAMENTO,2154018
2022-09-25,SACRAMENTO,2154018
2022-09-26,SACRAMENTO,2154018
2022-09-20,SACRAMENTO,2154517
2022-09-21,SACRAMENTO,2154517
2022-09-22,SACRAMENTO,2154517
2022-09-23,SACRAMENTO,2154517
2022-09-24,SACRAMENTO,2154517
2022-09-25,SACRAMENTO,2154517
2022-09-26,SACRAMENTO,2154517
2022-09-20,SACRAMENTO,2154518
2022-09-21,SACRAMENTO,2154518
2022-09-22,SACRAMENTO,2154518
2022-09-23,SACRAMENTO,2154518
2022-09-24,SACRAMENTO,2154518
2022-09-25,SACRAMENTO,2154518
2022-09-26,SACRAMENTO,2154518
2022-09-20,SACRAMENTO,2155017
2022-09-21,SACRAMENTO,2155017
2022-09-22,SACRAMENTO,2155017
2022-09-23,SACRAMENTO,2155017
2022-09-24,SACRAMENTO,2155017
2022-09-25,SACRAMENTO,2155017
2022-09-26,SACRAMENTO,2155017
2022-09-20,SACRAMENTO,2155516
2022-09-21,SACRAMENTO,2155516
2022-09-22,SACRAMENTO,2155516
2022-09-23,SACRAMENTO,2155516
2022-09-24,SACRAMENTO,2155516
2022-09-25,SACRAMENTO,2155516
2022-09-26,SACRAMENTO,2155516
2022-09-20,SACRAMENTO,2155517
2022-09-21,SACRAMENTO,2155517
2022-09-22,SACRAMENTO,2155517
2022-09-23,SACRAMENTO,2155517
2022-09-24,SACRAMENTO,2155517
2022-09-25,SACRAMENTO,2155517
2022-09-26,SACRAMENTO,2155517
2022-09-20,SACRAMENTO,2155518
2022-09-21,SACRAMENTO,2155518
2022-09-22,SACRAMENTO,2155518
2022-09-23,SACRAMENTO,2155518
2022-09-24,SACRAMENTO,2155518
2022-09-25,SACRAMENTO,2155518
2022-09-26,SACRAMENTO,2155518
2022-09-20,SACRAMENTO,2156016
2022-09-21,SACRAMENTO,2156016
2022-09-22,SACRAMENTO,2156016
2022-09-23,SACRAMENTO,2156016
2022-09-24,SACRAMENTO,2156016
2022-09-25,SACRAMENTO,2156016
2022-09-26,SACRAMENTO,2156016
2022-09-20,SACRAMENTO,2156017
2022-09-21,SACRAMENTO,2156017
2022-09-22,SACRAMENTO,2156017
2022-09-23,SACRAMENTO,2156017
2022-09-24,SACRAMENTO,2156017
2022-09-25,SACRAMENTO,2156017
2022-09-26,SACRAMENTO,2156017
2022-09-20,SACRAMENTO,2156516
2022-09-21,SACRAMENTO,2156516
2022-09-22,SACRAMENTO,2156516
2022-09-23,SACRAMENTO,2156516
2022-09-24,SACRAMENTO,2156516
2022-09-25,SACRAMENTO,2156516
2022-09-26,SACRAMENTO,2156516
2022-09-20,SACRAMENTO,2156517
2022-09-21,SACRAMENTO,2156517
2022-09-22,SACRAMENTO,2156517
2022-09-23,SACRAMENTO,2156517
2022-09-24,SACRAMENTO,2156517
2022-09-25,SACRAMENTO,2156517
2022-09-26,SACRAMENTO,2156517
2022-09-20,SACRAMENTO,2157015
2022-09-21,SACRAMENTO,2157015
2022-09-22,SACRAMENTO,2157015
2022-09-23,SACRAMENTO,2157015
2022-09-24,SACRAMENTO,2157015
2022-09-25,SACRAMENTO,2157015
2022-09-26,SACRAMENTO,2157015
2022-09-20,SACRAMENTO,2157016
2022-09-21,SACRAMENTO,2157016
2022-09-22,SACRAMENTO,2157016
2022-09-23,SACRAMENTO,2157016
2022-09-24,SACRAMENTO,2157016
2022-09-25,SACRAMENTO,2157016
2022-09-26,SACRAMENTO,2157016
2022-09-20,SACRAMENTO,2157515
2022-09-21,SACRAMENTO,2157515
2022-09-22,SACRAMENTO,2157515
2022-09-23,SACRAMENTO,2157515
2022-09-24,SACRAMENTO,2157515
2022-09-25,SACRAMENTO,2157515
2022-09-26,SACRAMENTO,2157515
2022-09-20,SACRAMENTO,2158516
2022-09-21,SACRAMENTO,2158516
2022-09-22,SACRAMENTO,2158516
2022-09-23,SACRAMENTO,2158516
2022-09-24,SACRAMENTO,2158516
2022-09-25,SACRAMENTO,2158516
2022-09-26,SACRAMENTO,2158516
2022-09-20,SACRAMENTO,2254018
2022-09-21,SACRAMENTO,2254018
2022-09-22,SACRAMENTO,2254018
2022-09-23,SACRAMENTO,2254018
2022-09-24,SACRAMENTO,2254018
2022-09-25,SACRAMENTO,2254018
2022-09-26,SACRAMENTO,2254018
2022-09-20,SACRAMENTO,2254019
2022-09-21,SACRAMENTO,2254019
2022-09-22,SACRAMENTO,2254019
2022-09-23,SACRAMENTO,2254019
2022-09-24,SACRAMENTO,2254019
2022-09-25,SACRAMENTO,2254019
2022-09-26,SACRAMENTO,2254019
2022-09-20,SACRAMENTO,2254517
2022-09-21,SACRAMENTO,2254517
2022-09-22,SACRAMENTO,2254517
2022-09-23,SACRAMENTO,2254517
2022-09-24,SACRAMENTO,2254517
2022-09-25,SACRAMENTO,2254517
2022-09-26,SACRAMENTO,2254517
2022-09-20,SACRAMENTO,2254518
2022-09-21,SACRAMENTO,2254518
2022-09-22,SACRAMENTO,2254518
2022-09-23,SACRAMENTO,2254518
2022-09-24,SACRAMENTO,2254518
2022-09-25,SACRAMENTO,2254518
2022-09-26,SACRAMENTO,2254518
2022-09-20,SACRAMENTO,2254519
2022-09-21,SACRAMENTO,2254519
2022-09-22,SACRAMENTO,2254519
2022-09-23,SACRAMENTO,2254519
2022-09-24,SACRAMENTO,2254519
2022-09-25,SACRAMENTO,2254519
2022-09-26,SACRAMENTO,2254519
2022-09-20,SACRAMENTO,2255017
2022-09-21,SACRAMENTO,2255017
2022-09-22,SACRAMENTO,2255017
2022-09-23,SACRAMENTO,2255017
2022-09-24,SACRAMENTO,2255017
2022-09-25,SACRAMENTO,2255017
2022-09-26,SACRAMENTO,2255017
2022-09-20,SACRAMENTO,2255018
2022-09-21,SACRAMENTO,2255018
2022-09-22,SACRAMENTO,2255018
2022-09-23,SACRAMENTO,2255018
2022-09-24,SACRAMENTO,2255018
2022-09-25,SACRAMENTO,2255018
2022-09-26,SACRAMENTO,2255018
2022-09-20,SACRAMENTO,2255516
2022-09-21,SACRAMENTO,2255516
2022-09-22,SACRAMENTO,2255516
2022-09-23,SACRAMENTO,2255516
2022-09-24,SACRAMENTO,2255516
2022-09-25,SACRAMENTO,2255516
2022-09-26,SACRAMENTO,2255516
2022-09-20,SACRAMENTO,2255517
2022-09-21,SACRAMENTO,2255517
2022-09-22,SACRAMENTO,2255517
2022-09-23,SACRAMENTO,2255517
2022-09-24,SACRAMENTO,2255517
2022-09-25,SACRAMENTO,2255517
2022-09-26,SACRAMENTO,2255517
2022-09-20,SACRAMENTO,2255518
2022-09-21,SACRAMENTO,2255518
2022-09-22,SACRAMENTO,2255518
2022-09-23,SACRAMENTO,2255518
2022-09-24,SACRAMENTO,2255518
2022-09-25,SACRAMENTO,2255518
2022-09-26,SACRAMENTO,2255518
2022-09-20,SACRAMENTO,2255519
2022-09-21,SACRAMENTO,2255519
2022-09-22,SACRAMENTO,2255519
2022-09-23,SACRAMENTO,2255519
2022-09-24,SACRAMENTO,2255519
2022-09-25,SACRAMENTO,2255519
2022-09-26,SACRAMENTO,2255519
2022-09-20,SACRAMENTO,2256016
2022-09-21,SACRAMENTO,2256016
2022-09-22,SACRAMENTO,2256016
2022-09-23,SACRAMENTO,2256016
2022-09-24,SACRAMENTO,2256016
2022-09-25,SACRAMENTO,2256016
2022-09-26,SACRAMENTO,2256016
2022-09-20,SACRAMENTO,2256017
2022-09-21,SACRAMENTO,2256017
2022-09-22,SACRAMENTO,2256017
2022-09-23,SACRAMENTO,2256017
2022-09-24,SACRAMENTO,2256017
2022-09-25,SACRAMENTO,2256017
2022-09-26,SACRAMENTO,2256017
2022-09-20,SACRAMENTO,2256018
2022-09-21,SACRAMENTO,2256018
2022-09-22,SACRAMENTO,2256018
2022-09-23,SACRAMENTO,2256018
2022-09-24,SACRAMENTO,2256018
2022-09-25,SACRAMENTO,2256018
2022-09-26,SACRAMENTO,2256018
2022-09-20,SACRAMENTO,2256516
2022-09-21,SACRAMENTO,2256516
2022-09-22,SACRAMENTO,2256516
2022-09-23,SACRAMENTO,2256516
2022-09-24,SACRAMENTO,2256516
2022-09-25,SACRAMENTO,2256516
2022-09-26,SACRAMENTO,2256516
2022-09-20,SACRAMENTO,2256517
2022-09-21,SACRAMENTO,2256517
2022-09-22,SACRAMENTO,2256517
2022-09-23,SACRAMENTO,2256517
2022-09-24,SACRAMENTO,2256517
2022-09-25,SACRAMENTO,2256517
2022-09-26,SACRAMENTO,2256517
2022-09-20,SACRAMENTO,2257015
2022-09-21,SACRAMENTO,2257015
2022-09-22,SACRAMENTO,2257015
2022-09-23,SACRAMENTO,2257015
2022-09-24,SACRAMENTO,2257015
2022-09-25,SACRAMENTO,2257015
2022-09-26,SACRAMENTO,2257015
2022-09-20,SACRAMENTO,2257016
2022-09-21,SACRAMENTO,2257016
2022-09-22,SACRAMENTO,2257016
2022-09-23,SACRAMENTO,2257016
2022-09-24,SACRAMENTO,2257016
2022-09-25,SACRAMENTO,2257016
2022-09-26,SACRAMENTO,2257016
2022-09-20,SACRAMENTO,2257515
2022-09-21,SACRAMENTO,2257515
2022-09-22,SACRAMENTO,2257515
2022-09-23,SACRAMENTO,2257515
2022-09-24,SACRAMENTO,2257515
2022-09-25,SACRAMENTO,2257515
2022-09-26,SACRAMENTO,2257515
2022-09-20,SACRAMENTO,2257516
2022-09-21,SACRAMENTO,2257516
2022-09-22,SACRAMENTO,2257516
2022-09-23,SACRAMENTO,2257516
2022-09-24,SACRAMENTO,2257516
2022-09-25,SACRAMENTO,2257516
2022-09-26,SACRAMENTO,2257516
2022-09-20,SACRAMENTO,2353519
2022-09-21,SACRAMENTO,2353519
2022-09-22,SACRAMENTO,2353519
2022-09-23,SACRAMENTO,2353519
2022-09-24,SACRAMENTO,2353519
2022-09-25,SACRAMENTO,2353519
2022-09-26,SACRAMENTO,2353519
2022-09-20,SACRAMENTO,2354018
2022-09-21,SACRAMENTO,2354018
2022-09-22,SACRAMENTO,2354018
2022-09-23,SACRAMENTO,2354018
2022-09-24,SACRAMENTO,2354018
2022-09-25,SACRAMENTO,2354018
2022-09-26,SACRAMENTO,2354018
2022-09-20,SACRAMENTO,2354019
2022-09-21,SACRAMENTO,2354019
2022-09-22,SACRAMENTO,2354019
2022-09-23,SACRAMENTO,2354019
2022-09-24,SACRAMENTO,2354019
2022-09-25,SACRAMENTO,2354019
2022-09-26,SACRAMENTO,2354019
2022-09-20,SACRAMENTO,2354517
2022-09-21,SACRAMENTO,2354517
2022-09-22,SACRAMENTO,2354517
2022-09-23,SACRAMENTO,2354517
2022-09-24,SACRAMENTO,2354517
2022-09-25,SACRAMENTO,2354517
2022-09-26,SACRAMENTO,2354517
2022-09-20,SACRAMENTO,2354518
2022-09-21,SACRAMENTO,2354518
2022-09-22,SACRAMENTO,2354518
2022-09-23,SACRAMENTO,2354518
2022-09-24,SACRAMENTO,2354518
2022-09-25,SACRAMENTO,2354518
2022-09-26,SACRAMENTO,2354518
2022-09-20,SACRAMENTO,2354519
2022-09-21,SACRAMENTO,2354519
2022-09-22,SACRAMENTO,2354519
2022-09-23,SACRAMENTO,2354519
2022-09-24,SACRAMENTO,2354519
2022-09-25,SACRAMENTO,2354519
2022-09-26,SACRAMENTO,2354519
2022-09-20,SACRAMENTO,2355017
2022-09-21,SACRAMENTO,2355017
2022-09-22,SACRAMENTO,2355017
2022-09-23,SACRAMENTO,2355017
2022-09-24,SACRAMENTO,2355017
2022-09-25,SACRAMENTO,2355017
2022-09-26,SACRAMENTO,2355017
2022-09-20,SACRAMENTO,2355018
2022-09-21,SACRAMENTO,2355018
2022-09-22,SACRAMENTO,2355018
2022-09-23,SACRAMENTO,2355018
2022-09-24,SACRAMENTO,2355018
2022-09-25,SACRAMENTO,2355018
2022-09-26,SACRAMENTO,2355018
2022-09-20,SACRAMENTO,2355019
2022-09-21,SACRAMENTO,2355019
2022-09-22,SACRAMENTO,2355019
2022-09-23,SACRAMENTO,2355019
2022-09-24,SACRAMENTO,2355019
2022-09-25,SACRAMENTO,2355019
2022-09-26,SACRAMENTO,2355019
2022-09-20,SACRAMENTO,2355517
2022-09-21,SACRAMENTO,2355517
2022-09-22,SACRAMENTO,2355517
2022-09-23,SACRAMENTO,2355517
2022-09-24,SACRAMENTO,2355517
2022-09-25,SACRAMENTO,2355517
2022-09-26,SACRAMENTO,2355517
2022-09-20,SACRAMENTO,2355518
2022-09-21,SACRAMENTO,2355518
2022-09-22,SACRAMENTO,2355518
2022-09-23,SACRAMENTO,2355518
2022-09-24,SACRAMENTO,2355518
2022-09-25,SACRAMENTO,2355518
2022-09-26,SACRAMENTO,2355518
2022-09-20,SACRAMENTO,2355519
2022-09-21,SACRAMENTO,2355519
2022-09-22,SACRAMENTO,2355519
2022-09-23,SACRAMENTO,2355519
2022-09-24,SACRAMENTO,2355519
2022-09-25,SACRAMENTO,2355519
2022-09-26,SACRAMENTO,2355519
2022-09-20,SACRAMENTO,2355520
2022-09-21,SACRAMENTO,2355520
2022-09-22,SACRAMENTO,2355520
2022-09-23,SACRAMENTO,2355520
2022-09-24,SACRAMENTO,2355520
2022-09-25,SACRAMENTO,2355520
2022-09-26,SACRAMENTO,2355520
2022-09-20,SACRAMENTO,2356016
2022-09-21,SACRAMENTO,2356016
2022-09-22,SACRAMENTO,2356016
2022-09-23,SACRAMENTO,2356016
2022-09-24,SACRAMENTO,2356016
2022-09-25,SACRAMENTO,2356016
2022-09-26,SACRAMENTO,2356016
2022-09-20,SACRAMENTO,2356017
2022-09-21,SACRAMENTO,2356017
2022-09-22,SACRAMENTO,2356017
2022-09-23,SACRAMENTO,2356017
2022-09-24,SACRAMENTO,2356017
2022-09-25,SACRAMENTO,2356017
2022-09-26,SACRAMENTO,2356017
2022-09-20,SACRAMENTO,2356018
2022-09-21,SACRAMENTO,2356018
2022-09-22,SACRAMENTO,2356018
2022-09-23,SACRAMENTO,2356018
2022-09-24,SACRAMENTO,2356018
2022-09-25,SACRAMENTO,2356018
2022-09-26,SACRAMENTO,2356018
2022-09-20,SACRAMENTO,2356516
2022-09-21,SACRAMENTO,2356516
2022-09-22,SACRAMENTO,2356516
2022-09-23,SACRAMENTO,2356516
2022-09-24,SACRAMENTO,2356516
2022-09-25,SACRAMENTO,2356516
2022-09-26,SACRAMENTO,2356516
2022-09-20,SACRAMENTO,2356517
2022-09-21,SACRAMENTO,2356517
2022-09-22,SACRAMENTO,2356517
2022-09-23,SACRAMENTO,2356517
2022-09-24,SACRAMENTO,2356517
2022-09-25,SACRAMENTO,2356517
2022-09-26,SACRAMENTO,2356517
2022-09-20,SACRAMENTO,2356518
2022-09-21,SACRAMENTO,2356518
2022-09-22,SACRAMENTO,2356518
2022-09-23,SACRAMENTO,2356518
2022-09-24,SACRAMENTO,2356518
2022-09-25,SACRAMENTO,2356518
2022-09-26,SACRAMENTO,2356518
2022-09-20,SACRAMENTO,2357016
2022-09-21,SACRAMENTO,2357016
2022-09-22,SACRAMENTO,2357016
2022-09-23,SACRAMENTO,2357016
2022-09-24,SACRAMENTO,2357016
2022-09-25,SACRAMENTO,2357016
2022-09-26,SACRAMENTO,2357016
2022-09-20,SACRAMENTO,2357515
2022-09-21,SACRAMENTO,2357515
2022-09-22,SACRAMENTO,2357515
2022-09-23,SACRAMENTO,2357515
2022-09-24,SACRAMENTO,2357515
2022-09-25,SACRAMENTO,2357515
2022-09-26,SACRAMENTO,2357515
2022-09-20,SACRAMENTO,2358016
2022-09-21,SACRAMENTO,2358016
2022-09-22,SACRAMENTO,2358016
2022-09-23,SACRAMENTO,2358016
2022-09-24,SACRAMENTO,2358016
2022-09-25,SACRAMENTO,2358016
2022-09-26,SACRAMENTO,2358016
2022-09-20,SACRAMENTO,2358017
2022-09-21,SACRAMENTO,2358017
2022-09-22,SACRAMENTO,2358017
2022-09-23,SACRAMENTO,2358017
2022-09-24,SACRAMENTO,2358017
2022-09-25,SACRAMENTO,2358017
2022-09-26,SACRAMENTO,2358017
2022-09-20,SACRAMENTO,2358516
2022-09-21,SACRAMENTO,2358516
2022-09-22,SACRAMENTO,2358516
2022-09-23,SACRAMENTO,2358516
2022-09-24,SACRAMENTO,2358516
2022-09-25,SACRAMENTO,2358516
2022-09-26,SACRAMENTO,2358516
2022-09-20,SACRAMENTO,2453519
2022-09-21,SACRAMENTO,2453519
2022-09-22,SACRAMENTO,2453519
2022-09-23,SACRAMENTO,2453519
2022-09-24,SACRAMENTO,2453519
2022-09-25,SACRAMENTO,2453519
2022-09-26,SACRAMENTO,2453519
2022-09-20,SACRAMENTO,2453520
2022-09-21,SACRAMENTO,2453520
2022-09-22,SACRAMENTO,2453520
2022-09-23,SACRAMENTO,2453520
2022-09-24,SACRAMENTO,2453520
2022-09-25,SACRAMENTO,2453520
2022-09-26,SACRAMENTO,2453520
2022-09-20,SACRAMENTO,2454017
2022-09-21,SACRAMENTO,2454017
2022-09-22,SACRAMENTO,2454017
2022-09-23,SACRAMENTO,2454017
2022-09-24,SACRAMENTO,2454017
2022-09-25,SACRAMENTO,2454017
2022-09-26,SACRAMENTO,2454017
2022-09-20,SACRAMENTO,2454018
2022-09-21,SACRAMENTO,2454018
2022-09-22,SACRAMENTO,2454018
2022-09-23,SACRAMENTO,2454018
2022-09-24,SACRAMENTO,2454018
2022-09-25,SACRAMENTO,2454018
2022-09-26,SACRAMENTO,2454018
2022-09-20,SACRAMENTO,2454019
2022-09-21,SACRAMENTO,2454019
2022-09-22,SACRAMENTO,2454019
2022-09-23,SACRAMENTO,2454019
2022-09-24,SACRAMENTO,2454019
2022-09-25,SACRAMENTO,2454019
2022-09-26,SACRAMENTO,2454019
2022-09-20,SACRAMENTO,2454020
2022-09-21,SACRAMENTO,2454020
2022-09-22,SACRAMENTO,2454020
2022-09-23,SACRAMENTO,2454020
2022-09-24,SACRAMENTO,2454020
2022-09-25,SACRAMENTO,2454020
2022-09-26,SACRAMENTO,2454020
2022-09-20,SACRAMENTO,2454517
2022-09-21,SACRAMENTO,2454517
2022-09-22,SACRAMENTO,2454517
2022-09-23,SACRAMENTO,2454517
2022-09-24,SACRAMENTO,2454517
2022-09-25,SACRAMENTO,2454517
2022-09-26,SACRAMENTO,2454517
2022-09-20,SACRAMENTO,2454518
2022-09-21,SACRAMENTO,2454518
2022-09-22,SACRAMENTO,2454518
2022-09-23,SACRAMENTO,2454518
2022-09-24,SACRAMENTO,2454518
2022-09-25,SACRAMENTO,2454518
2022-09-26,SACRAMENTO,2454518
2022-09-20,SACRAMENTO,2454519
2022-09-21,SACRAMENTO,2454519
2022-09-22,SACRAMENTO,2454519
2022-09-23,SACRAMENTO,2454519
2022-09-24,SACRAMENTO,2454519
2022-09-25,SACRAMENTO,2454519
2022-09-26,SACRAMENTO,2454519
2022-09-20,SACRAMENTO,2454520
2022-09-21,SACRAMENTO,2454520
2022-09-22,SACRAMENTO,2454520
2022-09-23,SACRAMENTO,2454520
2022-09-24,SACRAMENTO,2454520
2022-09-25,SACRAMENTO,2454520
2022-09-26,SACRAMENTO,2454520
2022-09-20,SACRAMENTO,2455018
2022-09-21,SACRAMENTO,2455018
2022-09-22,SACRAMENTO,2455018
2022-09-23,SACRAMENTO,2455018
2022-09-24,SACRAMENTO,2455018
2022-09-25,SACRAMENTO,2455018
2022-09-26,SACRAMENTO,2455018
2022-09-20,SACRAMENTO,2455020
2022-09-21,SACRAMENTO,2455020
2022-09-22,SACRAMENTO,2455020
2022-09-23,SACRAMENTO,2455020
2022-09-24,SACRAMENTO,2455020
2022-09-25,SACRAMENTO,2455020
2022-09-26,SACRAMENTO,2455020
2022-09-20,SACRAMENTO,2455519
2022-09-21,SACRAMENTO,2455519
2022-09-22,SACRAMENTO,2455519
2022-09-23,SACRAMENTO,2455519
2022-09-24,SACRAMENTO,2455519
2022-09-25,SACRAMENTO,2455519
2022-09-26,SACRAMENTO,2455519
2022-09-20,SACRAMENTO,2456018
2022-09-21,SACRAMENTO,2456018
2022-09-22,SACRAMENTO,2456018
2022-09-23,SACRAMENTO,2456018
2022-09-24,SACRAMENTO,2456018
2022-09-25,SACRAMENTO,2456018
2022-09-26,SACRAMENTO,2456018
2022-09-20,SACRAMENTO,2456517
2022-09-21,SACRAMENTO,2456517
2022-09-22,SACRAMENTO,2456517
2022-09-23,SACRAMENTO,2456517
2022-09-24,SACRAMENTO,2456517
2022-09-25,SACRAMENTO,2456517
2022-09-26,SACRAMENTO,2456517
2022-09-20,SACRAMENTO,2457016
2022-09-21,SACRAMENTO,2457016
2022-09-22,SACRAMENTO,2457016
2022-09-23,SACRAMENTO,2457016
2022-09-24,SACRAMENTO,2457016
2022-09-25,SACRAMENTO,2457016
2022-09-26,SACRAMENTO,2457016
2022-09-20,SACRAMENTO,2457017
2022-09-21,SACRAMENTO,2457017
2022-09-22,SACRAMENTO,2457017
2022-09-23,SACRAMENTO,2457017
2022-09-24,SACRAMENTO,2457017
2022-09-25,SACRAMENTO,2457017
2022-09-26,SACRAMENTO,2457017
2022-09-20,SACRAMENTO,2457516
2022-09-21,SACRAMENTO,2457516
2022-09-22,SACRAMENTO,2457516
2022-09-23,SACRAMENTO,2457516
2022-09-24,SACRAMENTO,2457516
2022-09-25,SACRAMENTO,2457516
2022-09-26,SACRAMENTO,2457516
2022-09-20,SACRAMENTO,2457517
2022-09-21,SACRAMENTO,2457517
2022-09-22,SACRAMENTO,2457517
2022-09-23,SACRAMENTO,2457517
2022-09-24,SACRAMENTO,2457517
2022-09-25,SACRAMENTO,2457517
2022-09-26,SACRAMENTO,2457517
2022-09-20,SACRAMENTO,2553518
2022-09-21,SACRAMENTO,2553518
2022-09-22,SACRAMENTO,2553518
2022-09-23,SACRAMENTO,2553518
2022-09-24,SACRAMENTO,2553518
2022-09-25,SACRAMENTO,2553518
2022-09-26,SACRAMENTO,2553518
2022-09-20,SACRAMENTO,2553519
2022-09-21,SACRAMENTO,2553519
2022-09-22,SACRAMENTO,2553519
2022-09-23,SACRAMENTO,2553519
2022-09-24,SACRAMENTO,2553519
2022-09-25,SACRAMENTO,2553519
2022-09-26,SACRAMENTO,2553519
2022-09-20,SACRAMENTO,2553520
2022-09-21,SACRAMENTO,2553520
2022-09-22,SACRAMENTO,2553520
2022-09-23,SACRAMENTO,2553520
2022-09-24,SACRAMENTO,2553520
2022-09-25,SACRAMENTO,2553520
2022-09-26,SACRAMENTO,2553520
2022-09-20,SACRAMENTO,2554018
2022-09-21,SACRAMENTO,2554018
2022-09-22,SACRAMENTO,2554018
2022-09-23,SACRAMENTO,2554018
2022-09-24,SACRAMENTO,2554018
2022-09-25,SACRAMENTO,2554018
2022-09-26,SACRAMENTO,2554018
2022-09-20,SACRAMENTO,2554019
2022-09-21,SACRAMENTO,2554019
2022-09-22,SACRAMENTO,2554019
2022-09-23,SACRAMENTO,2554019
2022-09-24,SACRAMENTO,2554019
2022-09-25,SACRAMENTO,2554019
2022-09-26,SACRAMENTO,2554019
2022-09-20,SACRAMENTO,2554020
2022-09-21,SACRAMENTO,2554020
2022-09-22,SACRAMENTO,2554020
2022-09-23,SACRAMENTO,2554020
2022-09-24,SACRAMENTO,2554020
2022-09-25,SACRAMENTO,2554020
2022-09-26,SACRAMENTO,2554020
2022-09-20,SACRAMENTO,2554519
2022-09-21,SACRAMENTO,2554519
2022-09-22,SACRAMENTO,2554519
2022-09-23,SACRAMENTO,2554519
2022-09-24,SACRAMENTO,2554519
2022-09-25,SACRAMENTO,2554519
2022-09-26,SACRAMENTO,2554519
2022-09-20,SACRAMENTO,2554520
2022-09-21,SACRAMENTO,2554520
2022-09-22,SACRAMENTO,2554520
2022-09-23,SACRAMENTO,2554520
2022-09-24,SACRAMENTO,2554520
2022-09-25,SACRAMENTO,2554520
2022-09-26,SACRAMENTO,2554520
2022-09-20,SACRAMENTO,2555019
2022-09-21,SACRAMENTO,2555019
2022-09-22,SACRAMENTO,2555019
2022-09-23,SACRAMENTO,2555019
2022-09-24,SACRAMENTO,2555019
2022-09-25,SACRAMENTO,2555019
2022-09-26,SACRAMENTO,2555019
2022-09-20,SACRAMENTO,2555020
2022-09-21,SACRAMENTO,2555020
2022-09-22,SACRAMENTO,2555020
2022-09-23,SACRAMENTO,2555020
2022-09-24,SACRAMENTO,2555020
2022-09-25,SACRAMENTO,2555020
2022-09-26,SACRAMENTO,2555020
2022-09-20,SACRAMENTO,2555518
2022-09-21,SACRAMENTO,2555518
2022-09-22,SACRAMENTO,2555518
2022-09-23,SACRAMENTO,2555518
2022-09-24,SACRAMENTO,2555518
2022-09-25,SACRAMENTO,2555518
2022-09-26,SACRAMENTO,2555518
2022-09-20,SACRAMENTO,2555520
2022-09-21,SACRAMENTO,2555520
2022-09-22,SACRAMENTO,2555520
2022-09-23,SACRAMENTO,2555520
2022-09-24,SACRAMENTO,2555520
2022-09-25,SACRAMENTO,2555520
2022-09-26,SACRAMENTO,2555520
2022-09-20,SACRAMENTO,2556517
2022-09-21,SACRAMENTO,2556517
2022-09-22,SACRAMENTO,2556517
2022-09-23,SACRAMENTO,2556517
2022-09-24,SACRAMENTO,2556517
2022-09-25,SACRAMENTO,2556517
2022-09-26,SACRAMENTO,2556517
2022-09-20,SACRAMENTO,2556518
2022-09-21,SACRAMENTO,2556518
2022-09-22,SACRAMENTO,2556518
2022-09-23,SACRAMENTO,2556518
2022-09-24,SACRAMENTO,2556518
2022-09-25,SACRAMENTO,2556518
2022-09-26,SACRAMENTO,2556518
2022-09-20,SACRAMENTO,2557016
2022-09-21,SACRAMENTO,2557016
2022-09-22,SACRAMENTO,2557016
2022-09-23,SACRAMENTO,2557016
2022-09-24,SACRAMENTO,2557016
2022-09-25,SACRAMENTO,2557016
2022-09-26,SACRAMENTO,2557016
2022-09-20,SACRAMENTO,2557018
2022-09-21,SACRAMENTO,2557018
2022-09-22,SACRAMENTO,2557018
2022-09-23,SACRAMENTO,2557018
2022-09-24,SACRAMENTO,2557018
2022-09-25,SACRAMENTO,2557018
2022-09-26,SACRAMENTO,2557018
2022-09-20,SACRAMENTO,2653518
2022-09-21,SACRAMENTO,2653518
2022-09-22,SACRAMENTO,2653518
2022-09-23,SACRAMENTO,2653518
2022-09-24,SACRAMENTO,2653518
2022-09-25,SACRAMENTO,2653518
2022-09-26,SACRAMENTO,2653518
2022-09-20,SACRAMENTO,2653519
2022-09-21,SACRAMENTO,2653519
2022-09-22,SACRAMENTO,2653519
2022-09-23,SACRAMENTO,2653519
2022-09-24,SACRAMENTO,2653519
2022-09-25,SACRAMENTO,2653519
2022-09-26,SACRAMENTO,2653519
2022-09-20,SACRAMENTO,2653522
2022-09-21,SACRAMENTO,2653522
2022-09-22,SACRAMENTO,2653522
2022-09-23,SACRAMENTO,2653522
2022-09-24,SACRAMENTO,2653522
2022-09-25,SACRAMENTO,2653522
2022-09-26,SACRAMENTO,2653522
2022-09-20,SACRAMENTO,2654520
2022-09-21,SACRAMENTO,2654520
2022-09-22,SACRAMENTO,2654520
2022-09-23,SACRAMENTO,2654520
2022-09-24,SACRAMENTO,2654520
2022-09-25,SACRAMENTO,2654520
2022-09-26,SACRAMENTO,2654520
2022-09-20,SACRAMENTO,2655020
2022-09-21,SACRAMENTO,2655020
2022-09-22,SACRAMENTO,2655020
2022-09-23,SACRAMENTO,2655020
2022-09-24,SACRAMENTO,2655020
2022-09-25,SACRAMENTO,2655020
2022-09-26,SACRAMENTO,2655020
2022-09-20,SACRAMENTO,2656018
2022-09-21,SACRAMENTO,2656018
2022-09-22,SACRAMENTO,2656018
2022-09-23,SACRAMENTO,2656018
2022-09-24,SACRAMENTO,2656018
2022-09-25,SACRAMENTO,2656018
2022-09-26,SACRAMENTO,2656018
2022-09-20,SACRAMENTO,2656517
2022-09-21,SACRAMENTO,2656517
2022-09-22,SACRAMENTO,2656517
2022-09-23,SACRAMENTO,2656517
2022-09-24,SACRAMENTO,2656517
2022-09-25,SACRAMENTO,2656517
2022-09-26,SACRAMENTO,2656517
2022-09-20,SACRAMENTO,2656518
2022-09-21,SACRAMENTO,2656518
2022-09-22,SACRAMENTO,2656518
2022-09-23,SACRAMENTO,2656518
2022-09-24,SACRAMENTO,2656518
2022-09-25,SACRAMENTO,2656518
2022-09-26,SACRAMENTO,2656518
2022-09-20,SACRAMENTO,2657016
2022-09-21,SACRAMENTO,2657016
2022-09-22,SACRAMENTO,2657016
2022-09-23,SACRAMENTO,2657016
2022-09-24,SACRAMENTO,2657016
2022-09-25,SACRAMENTO,2657016
2022-09-26,SACRAMENTO,2657016
2022-09-20,SACRAMENTO,2657017
2022-09-21,SACRAMENTO,2657017
2022-09-22,SACRAMENTO,2657017
2022-09-23,SACRAMENTO,2657017
2022-09-24,SACRAMENTO,2657017
2022-09-25,SACRAMENTO,2657017
2022-09-26,SACRAMENTO,2657017
2022-09-20,SACRAMENTO,2657018
2022-09-21,SACRAMENTO,2657018
2022-09-22,SACRAMENTO,2657018
2022-09-23,SACRAMENTO,2657018
2022-09-24,SACRAMENTO,2657018
2022-09-25,SACRAMENTO,2657018
2022-09-26,SACRAMENTO,2657018
2022-09-20,SACRAMENTO,2657516
2022-09-21,SACRAMENTO,2657516
2022-09-22,SACRAMENTO,2657516
2022-09-23,SACRAMENTO,2657516
2022-09-24,SACRAMENTO,2657516
2022-09-25,SACRAMENTO,2657516
2022-09-26,SACRAMENTO,2657516
2022-09-20,SACRAMENTO,2753020
2022-09-21,SACRAMENTO,2753020
2022-09-22,SACRAMENTO,2753020
2022-09-23,SACRAMENTO,2753020
2022-09-24,SACRAMENTO,2753020
2022-09-25,SACRAMENTO,2753020
2022-09-26,SACRAMENTO,2753020
2022-09-20,SACRAMENTO,2753519
2022-09-21,SACRAMENTO,2753519
2022-09-22,SACRAMENTO,2753519
2022-09-23,SACRAMENTO,2753519
2022-09-24,SACRAMENTO,2753519
2022-09-25,SACRAMENTO,2753519
2022-09-26,SACRAMENTO,2753519
2022-09-20,SACRAMENTO,2753520
2022-09-21,SACRAMENTO,2753520
2022-09-22,SACRAMENTO,2753520
2022-09-23,SACRAMENTO,2753520
2022-09-24,SACRAMENTO,2753520
2022-09-25,SACRAMENTO,2753520
2022-09-26,SACRAMENTO,2753520
2022-09-20,SACRAMENTO,2754019
2022-09-21,SACRAMENTO,2754019
2022-09-22,SACRAMENTO,2754019
2022-09-23,SACRAMENTO,2754019
2022-09-24,SACRAMENTO,2754019
2022-09-25,SACRAMENTO,2754019
2022-09-26,SACRAMENTO,2754019
2022-09-20,SACRAMENTO,2754020
2022-09-21,SACRAMENTO,2754020
2022-09-22,SACRAMENTO,2754020
2022-09-23,SACRAMENTO,2754020
2022-09-24,SACRAMENTO,2754020
2022-09-25,SACRAMENTO,2754020
2022-09-26,SACRAMENTO,2754020
2022-09-20,SACRAMENTO,2754520
2022-09-21,SACRAMENTO,2754520
2022-09-22,SACRAMENTO,2754520
2022-09-23,SACRAMENTO,2754520
2022-09-24,SACRAMENTO,2754520
2022-09-25,SACRAMENTO,2754520
2022-09-26,SACRAMENTO,2754520
2022-09-20,SACRAMENTO,2755520
2022-09-21,SACRAMENTO,2755520
2022-09-22,SACRAMENTO,2755520
2022-09-23,SACRAMENTO,2755520
2022-09-24,SACRAMENTO,2755520
2022-09-25,SACRAMENTO,2755520
2022-09-26,SACRAMENTO,2755520
2022-09-20,SACRAMENTO,2756020
2022-09-21,SACRAMENTO,2756020
2022-09-22,SACRAMENTO,2756020
2022-09-23,SACRAMENTO,2756020
2022-09-24,SACRAMENTO,2756020
2022-09-25,SACRAMENTO,2756020
2022-09-26,SACRAMENTO,2756020
2022-09-20,SACRAMENTO,2756518
2022-09-21,SACRAMENTO,2756518
2022-09-22,SACRAMENTO,2756518
2022-09-23,SACRAMENTO,2756518
2022-09-24,SACRAMENTO,2756518
2022-09-25,SACRAMENTO,2756518
2022-09-26,SACRAMENTO,2756518
2022-09-20,SACRAMENTO,2756520
2022-09-21,SACRAMENTO,2756520
2022-09-22,SACRAMENTO,2756520
2022-09-23,SACRAMENTO,2756520
2022-09-24,SACRAMENTO,2756520
2022-09-25,SACRAMENTO,2756520
2022-09-26,SACRAMENTO,2756520
2022-09-20,SACRAMENTO,2757018
2022-09-21,SACRAMENTO,2757018
2022-09-22,SACRAMENTO,2757018
2022-09-23,SACRAMENTO,2757018
2022-09-24,SACRAMENTO,2757018
2022-09-25,SACRAMENTO,2757018
2022-09-26,SACRAMENTO,2757018
2022-09-20,SACRAMENTO,2854522
2022-09-21,SACRAMENTO,2854522
2022-09-22,SACRAMENTO,2854522
2022-09-23,SACRAMENTO,2854522
2022-09-24,SACRAMENTO,2854522
2022-09-25,SACRAMENTO,2854522
2022-09-26,SACRAMENTO,2854522
2022-09-20,SACRAMENTO,2857017
2022-09-21,SACRAMENTO,2857017
2022-09-22,SACRAMENTO,2857017
2022-09-23,SACRAMENTO,2857017
2022-09-24,SACRAMENTO,2857017
2022-09-25,SACRAMENTO,2857017
2022-09-26,SACRAMENTO,2857017
2022-09-20,SACRAMENTO,2857516
2022-09-21,SACRAMENTO,2857516
2022-09-22,SACRAMENTO,2857516
2022-09-23,SACRAMENTO,2857516
2022-09-24,SACRAMENTO,2857516
2022-09-25,SACRAMENTO,2857516
2022-09-26,SACRAMENTO,2857516
2022-09-20,SACRAMENTO,3054022
2022-09-21,SACRAMENTO,3054022
2022-09-22,SACRAMENTO,3054022
2022-09-23,SACRAMENTO,3054022
2022-09-24,SACRAMENTO,3054022
2022-09-25,SACRAMENTO,3054022
2022-09-26,SACRAMENTO,3054022
2022-09-20,SACRAMENTO,3110515
2022-09-21,SACRAMENTO,3110515
2022-09-22,SACRAMENTO,3110515
2022-09-23,SACRAMENTO,3110515
2022-09-24,SACRAMENTO,3110515
2022-09-25,SACRAMENTO,3110515
2022-09-26,SACRAMENTO,3110515
2022-09-20,SACRAMENTO,3153520
2022-09-21,SACRAMENTO,3153520
2022-09-22,SACRAMENTO,3153520
2022-09-23,SACRAMENTO,3153520
2022-09-24,SACRAMENTO,3153520
2022-09-25,SACRAMENTO,3153520
2022-09-26,SACRAMENTO,3153520
2022-09-20,SACRAMENTO,3512517
2022-09-21,SACRAMENTO,3512517
2022-09-22,SACRAMENTO,3512517
2022-09-23,SACRAMENTO,3512517
2022-09-24,SACRAMENTO,3512517
2022-09-25,SACRAMENTO,3512517
2022-09-26,SACRAMENTO,3512517
2022-09-20,SACRAMENTO,3512518
2022-09-21,SACRAMENTO,3512518
2022-09-22,SACRAMENTO,3512518
2022-09-23,SACRAMENTO,3512518
2022-09-24,SACRAMENTO,3512518
2022-09-25,SACRAMENTO,3512518
2022-09-26,SACRAMENTO,3512518
2022-09-20,SACRAMENTO,3512520
2022-09-21,SACRAMENTO,3512520
2022-09-22,SACRAMENTO,3512520
2022-09-23,SACRAMENTO,3512520
2022-09-24,SACRAMENTO,3512520
2022-09-25,SACRAMENTO,3512520
2022-09-26,SACRAMENTO,3512520
2022-09-20,SACRAMENTO,22570195
2022-09-21,SACRAMENTO,22570195
2022-09-22,SACRAMENTO,22570195
2022-09-23,SACRAMENTO,22570195
2022-09-24,SACRAMENTO,22570195
2022-09-25,SACRAMENTO,22570195
2022-09-26,SACRAMENTO,22570195
2022-09-20,SAN JOSE,11225
2022-09-21,SAN JOSE,11225
2022-09-22,SAN JOSE,11225
2022-09-23,SAN JOSE,11225
2022-09-24,SAN JOSE,11225
2022-09-25,SAN JOSE,11225
2022-09-26,SAN JOSE,11225
2022-09-20,SAN JOSE,1956515
2022-09-21,SAN JOSE,1956515
2022-09-22,SAN JOSE,1956515
2022-09-23,SAN JOSE,1956515
2022-09-24,SAN JOSE,1956515
2022-09-25,SAN JOSE,1956515
2022-09-26,SAN JOSE,1956515
2022-09-20,SAN JOSE,2055516
2022-09-21,SAN JOSE,2055516
2022-09-22,SAN JOSE,2055516
2022-09-23,SAN JOSE,2055516
2022-09-24,SAN JOSE,2055516
2022-09-25,SAN JOSE,2055516
2022-09-26,SAN JOSE,2055516
2022-09-20,SAN JOSE,2056016
2022-09-21,SAN JOSE,2056016
2022-09-22,SAN JOSE,2056016
2022-09-23,SAN JOSE,2056016
2022-09-24,SAN JOSE,2056016
2022-09-25,SAN JOSE,2056016
2022-09-26,SAN JOSE,2056016
2022-09-20,SAN JOSE,2056516
2022-09-21,SAN JOSE,2056516
2022-09-22,SAN JOSE,2056516
2022-09-23,SAN JOSE,2056516
2022-09-24,SAN JOSE,2056516
2022-09-25,SAN JOSE,2056516
2022-09-26,SAN JOSE,2056516
2022-09-20,SAN JOSE,2057514
2022-09-21,SAN JOSE,2057514
2022-09-22,SAN JOSE,2057514
2022-09-23,SAN JOSE,2057514
2022-09-24,SAN JOSE,2057514
2022-09-25,SAN JOSE,2057514
2022-09-26,SAN JOSE,2057514
2022-09-20,SAN JOSE,2057515
2022-09-21,SAN JOSE,2057515
2022-09-22,SAN JOSE,2057515
2022-09-23,SAN JOSE,2057515
2022-09-24,SAN JOSE,2057515
2022-09-25,SAN JOSE,2057515
2022-09-26,SAN JOSE,2057515
2022-09-20,SAN JOSE,2154517
2022-09-21,SAN JOSE,2154517
2022-09-22,SAN JOSE,2154517
2022-09-23,SAN JOSE,2154517
2022-09-24,SAN JOSE,2154517
2022-09-25,SAN JOSE,2154517
2022-09-26,SAN JOSE,2154517
2022-09-20,SAN JOSE,2155516
2022-09-21,SAN JOSE,2155516
2022-09-22,SAN JOSE,2155516
2022-09-23,SAN JOSE,2155516
2022-09-24,SAN JOSE,2155516
2022-09-25,SAN JOSE,2155516
2022-09-26,SAN JOSE,2155516
2022-09-20,SAN JOSE,2155517
2022-09-21,SAN JOSE,2155517
2022-09-22,SAN JOSE,2155517
2022-09-23,SAN JOSE,2155517
2022-09-24,SAN JOSE,2155517
2022-09-25,SAN JOSE,2155517
2022-09-26,SAN JOSE,2155517
2022-09-20,SAN JOSE,2156016
2022-09-21,SAN JOSE,2156016
2022-09-22,SAN JOSE,2156016
2022-09-23,SAN JOSE,2156016
2022-09-24,SAN JOSE,2156016
2022-09-25,SAN JOSE,2156016
2022-09-26,SAN JOSE,2156016
2022-09-20,SAN JOSE,2254018
2022-09-21,SAN JOSE,2254018
2022-09-22,SAN JOSE,2254018
2022-09-23,SAN JOSE,2254018
2022-09-24,SAN JOSE,2254018
2022-09-25,SAN JOSE,2254018
2022-09-26,SAN JOSE,2254018
2022-09-20,SAN JOSE,2254517
2022-09-21,SAN JOSE,2254517
2022-09-22,SAN JOSE,2254517
2022-09-23,SAN JOSE,2254517
2022-09-24,SAN JOSE,2254517
2022-09-25,SAN JOSE,2254517
2022-09-26,SAN JOSE,2254517
2022-09-20,SAN JOSE,2254518
2022-09-21,SAN JOSE,2254518
2022-09-22,SAN JOSE,2254518
2022-09-23,SAN JOSE,2254518
2022-09-24,SAN JOSE,2254518
2022-09-25,SAN JOSE,2254518
2022-09-26,SAN JOSE,2254518
2022-09-20,SAN JOSE,2255017
2022-09-21,SAN JOSE,2255017
2022-09-22,SAN JOSE,2255017
2022-09-23,SAN JOSE,2255017
2022-09-24,SAN JOSE,2255017
2022-09-25,SAN JOSE,2255017
2022-09-26,SAN JOSE,2255017
2022-09-20,SAN JOSE,2255517
2022-09-21,SAN JOSE,2255517
2022-09-22,SAN JOSE,2255517
2022-09-23,SAN JOSE,2255517
2022-09-24,SAN JOSE,2255517
2022-09-25,SAN JOSE,2255517
2022-09-26,SAN JOSE,2255517
2022-09-20,SAN JOSE,2256017
2022-09-21,SAN JOSE,2256017
2022-09-22,SAN JOSE,2256017
2022-09-23,SAN JOSE,2256017
2022-09-24,SAN JOSE,2256017
2022-09-25,SAN JOSE,2256017
2022-09-26,SAN JOSE,2256017
2022-09-20,SAN JOSE,2256517
2022-09-21,SAN JOSE,2256517
2022-09-22,SAN JOSE,2256517
2022-09-23,SAN JOSE,2256517
2022-09-24,SAN JOSE,2256517
2022-09-25,SAN JOSE,2256517
2022-09-26,SAN JOSE,2256517
2022-09-20,SAN JOSE,2257515
2022-09-21,SAN JOSE,2257515
2022-09-22,SAN JOSE,2257515
2022-09-23,SAN JOSE,2257515
2022-09-24,SAN JOSE,2257515
2022-09-25,SAN JOSE,2257515
2022-09-26,SAN JOSE,2257515
2022-09-20,SAN JOSE,2257516
2022-09-21,SAN JOSE,2257516
2022-09-22,SAN JOSE,2257516
2022-09-23,SAN JOSE,2257516
2022-09-24,SAN JOSE,2257516
2022-09-25,SAN JOSE,2257516
2022-09-26,SAN JOSE,2257516
2022-09-20,SAN JOSE,2354518
2022-09-21,SAN JOSE,2354518
2022-09-22,SAN JOSE,2354518
2022-09-23,SAN JOSE,2354518
2022-09-24,SAN JOSE,2354518
2022-09-25,SAN JOSE,2354518
2022-09-26,SAN JOSE,2354518
2022-09-20,SAN JOSE,2355018
2022-09-21,SAN JOSE,2355018
2022-09-22,SAN JOSE,2355018
2022-09-23,SAN JOSE,2355018
2022-09-24,SAN JOSE,2355018
2022-09-25,SAN JOSE,2355018
2022-09-26,SAN JOSE,2355018
2022-09-20,SAN JOSE,2356018
2022-09-21,SAN JOSE,2356018
2022-09-22,SAN JOSE,2356018
2022-09-23,SAN JOSE,2356018
2022-09-24,SAN JOSE,2356018
2022-09-25,SAN JOSE,2356018
2022-09-26,SAN JOSE,2356018
2022-09-20,SAN JOSE,2356517
2022-09-21,SAN JOSE,2356517
2022-09-22,SAN JOSE,2356517
2022-09-23,SAN JOSE,2356517
2022-09-24,SAN JOSE,2356517
2022-09-25,SAN JOSE,2356517
2022-09-26,SAN JOSE,2356517
2022-09-20,SAN JOSE,2356518
2022-09-21,SAN JOSE,2356518
2022-09-22,SAN JOSE,2356518
2022-09-23,SAN JOSE,2356518
2022-09-24,SAN JOSE,2356518
2022-09-25,SAN JOSE,2356518
2022-09-26,SAN JOSE,2356518
2022-09-20,SAN JOSE,2358016
2022-09-21,SAN JOSE,2358016
2022-09-22,SAN JOSE,2358016
2022-09-23,SAN JOSE,2358016
2022-09-24,SAN JOSE,2358016
2022-09-25,SAN JOSE,2358016
2022-09-26,SAN JOSE,2358016
2022-09-20,SAN JOSE,2358017
2022-09-21,SAN JOSE,2358017
2022-09-22,SAN JOSE,2358017
2022-09-23,SAN JOSE,2358017
2022-09-24,SAN JOSE,2358017
2022-09-25,SAN JOSE,2358017
2022-09-26,SAN JOSE,2358017
2022-09-20,SAN JOSE,2358516
2022-09-21,SAN JOSE,2358516
2022-09-22,SAN JOSE,2358516
2022-09-23,SAN JOSE,2358516
2022-09-24,SAN JOSE,2358516
2022-09-25,SAN JOSE,2358516
2022-09-26,SAN JOSE,2358516
2022-09-20,SAN JOSE,2454518
2022-09-21,SAN JOSE,2454518
2022-09-22,SAN JOSE,2454518
2022-09-23,SAN JOSE,2454518
2022-09-24,SAN JOSE,2454518
2022-09-25,SAN JOSE,2454518
2022-09-26,SAN JOSE,2454518
2022-09-20,SAN JOSE,2454520
2022-09-21,SAN JOSE,2454520
2022-09-22,SAN JOSE,2454520
2022-09-23,SAN JOSE,2454520
2022-09-24,SAN JOSE,2454520
2022-09-25,SAN JOSE,2454520
2022-09-26,SAN JOSE,2454520
2022-09-20,SAN JOSE,2456018
2022-09-21,SAN JOSE,2456018
2022-09-22,SAN JOSE,2456018
2022-09-23,SAN JOSE,2456018
2022-09-24,SAN JOSE,2456018
2022-09-25,SAN JOSE,2456018
2022-09-26,SAN JOSE,2456018
2022-09-20,SAN JOSE,2457017
2022-09-21,SAN JOSE,2457017
2022-09-22,SAN JOSE,2457017
2022-09-23,SAN JOSE,2457017
2022-09-24,SAN JOSE,2457017
2022-09-25,SAN JOSE,2457017
2022-09-26,SAN JOSE,2457017
2022-09-20,SAN JOSE,2457516
2022-09-21,SAN JOSE,2457516
2022-09-22,SAN JOSE,2457516
2022-09-23,SAN JOSE,2457516
2022-09-24,SAN JOSE,2457516
2022-09-25,SAN JOSE,2457516
2022-09-26,SAN JOSE,2457516
2022-09-20,SAN JOSE,2457517
2022-09-21,SAN JOSE,2457517
2022-09-22,SAN JOSE,2457517
2022-09-23,SAN JOSE,2457517
2022-09-24,SAN JOSE,2457517
2022-09-25,SAN JOSE,2457517
2022-09-26,SAN JOSE,2457517
2022-09-20,SAN JOSE,2555020
2022-09-21,SAN JOSE,2555020
2022-09-22,SAN JOSE,2555020
2022-09-23,SAN JOSE,2555020
2022-09-24,SAN JOSE,2555020
2022-09-25,SAN JOSE,2555020
2022-09-26,SAN JOSE,2555020
2022-09-20,SAN JOSE,2656018
2022-09-21,SAN JOSE,2656018
2022-09-22,SAN JOSE,2656018
2022-09-23,SAN JOSE,2656018
2022-09-24,SAN JOSE,2656018
2022-09-25,SAN JOSE,2656018
2022-09-26,SAN JOSE,2656018
2022-09-20,SAN JOSE,2657016
2022-09-21,SAN JOSE,2657016
2022-09-22,SAN JOSE,2657016
2022-09-23,SAN JOSE,2657016
2022-09-24,SAN JOSE,2657016
2022-09-25,SAN JOSE,2657016
2022-09-26,SAN JOSE,2657016
2022-09-20,SAN JOSE,2657017
2022-09-21,SAN JOSE,2657017
2022-09-22,SAN JOSE,2657017
2022-09-23,SAN JOSE,2657017
2022-09-24,SAN JOSE,2657017
2022-09-25,SAN JOSE,2657017
2022-09-26,SAN JOSE,2657017
2022-09-20,SAN JOSE,2657516
2022-09-21,SAN JOSE,2657516
2022-09-22,SAN JOSE,2657516
2022-09-23,SAN JOSE,2657516
2022-09-24,SAN JOSE,2657516
2022-09-25,SAN JOSE,2657516
2022-09-26,SAN JOSE,2657516
2022-09-20,SAN JOSE,2755520
2022-09-21,SAN JOSE,2755520
2022-09-22,SAN JOSE,2755520
2022-09-23,SAN JOSE,2755520
2022-09-24,SAN JOSE,2755520
2022-09-25,SAN JOSE,2755520
2022-09-26,SAN JOSE,2755520
2022-09-20,SAN JOSE,2756020
2022-09-21,SAN JOSE,2756020
2022-09-22,SAN JOSE,2756020
2022-09-23,SAN JOSE,2756020
2022-09-24,SAN JOSE,2756020
2022-09-25,SAN JOSE,2756020
2022-09-26,SAN JOSE,2756020
2022-09-20,SAN JOSE,2756518
2022-09-21,SAN JOSE,2756518
2022-09-22,SAN JOSE,2756518
2022-09-23,SAN JOSE,2756518
2022-09-24,SAN JOSE,2756518
2022-09-25,SAN JOSE,2756518
2022-09-26,SAN JOSE,2756518
2022-09-20,SAN JOSE,2756520
2022-09-21,SAN JOSE,2756520
2022-09-22,SAN JOSE,2756520
2022-09-23,SAN JOSE,2756520
2022-09-24,SAN JOSE,2756520
2022-09-25,SAN JOSE,2756520
2022-09-26,SAN JOSE,2756520
2022-09-20,SAN JOSE,2757018
2022-09-21,SAN JOSE,2757018
2022-09-22,SAN JOSE,2757018
2022-09-23,SAN JOSE,2757018
2022-09-24,SAN JOSE,2757018
2022-09-25,SAN JOSE,2757018
2022-09-26,SAN JOSE,2757018
2022-09-20,SAN JOSE,2854522
2022-09-21,SAN JOSE,2854522
2022-09-22,SAN JOSE,2854522
2022-09-23,SAN JOSE,2854522
2022-09-24,SAN JOSE,2854522
2022-09-25,SAN JOSE,2854522
2022-09-26,SAN JOSE,2854522
2022-09-20,SAN JOSE,2857017
2022-09-21,SAN JOSE,2857017
2022-09-22,SAN JOSE,2857017
2022-09-23,SAN JOSE,2857017
2022-09-24,SAN JOSE,2857017
2022-09-25,SAN JOSE,2857017
2022-09-26,SAN JOSE,2857017
2022-09-20,SAN JOSE,3512520
2022-09-21,SAN JOSE,3512520
2022-09-22,SAN JOSE,3512520
2022-09-23,SAN JOSE,3512520
2022-09-24,SAN JOSE,3512520
2022-09-25,SAN JOSE,3512520
2022-09-26,SAN JOSE,3512520
2022-09-20,SAN JOSE,22570195
2022-09-21,SAN JOSE,22570195
2022-09-22,SAN JOSE,22570195
2022-09-23,SAN JOSE,22570195
2022-09-24,SAN JOSE,22570195
2022-09-25,SAN JOSE,22570195
2022-09-26,SAN JOSE,22570195
